top_third_pass_share,forward_pass_share_D,cumul_sprints,jersey_number,cumul_passes_M
0.0,1.0,2,2,0.0
0.0,0.0,2,4,0.0
0.0,1.0,1,5,0.0
0.0,0.0,4,6,0.0
0.0,0.0,4,7,4.0
0.0,0.0,0,10,2.0
0.0,0.0,4,15,0.0
0.0,0.0,2,18,3.0
0.1428571428571428,0.0,2,21,0.0
0.1428571428571428,0.0,1,22,7.0
0.1666666666666666,0.3333333333333333,5,2,0.0
0.0,0.2857142857142857,1,3,0.0
0.0,0.0,1,5,0.0
0.7,0.0,2,6,10.0
0.75,0.0,2,7,12.0
0.25,0.0,1,8,16.0
0.0,0.0,2,9,0.0
0.4444444444444444,0.0,0,10,9.0
0.4285714285714285,0.0,4,16,7.0
0.1,0.0,4,18,0.0
0.0454545454545454,0.5,2,2,0.0
0.0,0.0,2,4,0.0
0.1818181818181818,1.0,1,5,0.0
0.0,0.0,7,6,0.0
0.1428571428571428,0.0,5,7,7.0
0.0909090909090909,0.0,2,10,11.0
0.0,0.0,9,15,1.0
0.4,0.0,3,18,5.0
0.1818181818181818,0.0,3,21,0.0
0.2666666666666666,0.0,1,22,15.0
0.1904761904761904,0.6,8,2,0.0
0.0,0.4545454545454545,2,3,0.0
0.0,0.0,3,5,0.0
0.4782608695652174,0.0,3,6,23.0
0.6190476190476191,0.0,3,7,21.0
0.2121212121212121,0.0,2,8,33.0
0.3333333333333333,0.0,7,9,0.0
0.3636363636363636,0.0,1,10,22.0
0.5333333333333333,0.0,5,16,15.0
0.1052631578947368,0.3333333333333333,7,18,0.0
0.0277777777777777,0.3333333333333333,4,2,0.0
0.0,0.0,4,4,0.0
0.2105263157894736,0.4,2,5,0.0
0.0,0.0,8,6,0.0
0.1818181818181818,0.0,6,7,11.0
0.0666666666666666,0.0,3,10,15.0
0.2857142857142857,0.0,12,15,7.0
0.375,0.0,3,18,8.0
0.15,0.0,6,21,0.0
0.1481481481481481,0.0,2,22,27.0
0.2068965517241379,0.5,11,2,0.0
0.0,0.5,3,3,0.0
0.0,0.0,4,5,0.0
0.3611111111111111,0.0,4,6,36.0
0.6,0.0,7,7,25.0
0.1860465116279069,0.0,5,8,43.0
0.1666666666666666,0.0,9,9,0.0
0.2903225806451613,0.0,1,10,31.0
0.5217391304347826,0.0,7,16,23.0
0.16,0.4,8,18,0.0
0.0232558139534883,0.4285714285714285,4,2,0.0
0.0,0.0,4,4,0.0
0.24,0.3333333333333333,5,5,0.0
0.2857142857142857,0.0,10,6,0.0
0.2857142857142857,0.0,11,7,14.0
0.1111111111111111,0.0,4,10,18.0
0.3,0.0,16,15,10.0
0.375,0.0,4,18,8.0
0.1666666666666666,0.0,7,21,0.0
0.15625,0.0,3,22,32.0
0.2105263157894736,0.5,16,2,0.0
0.0,0.4615384615384615,4,3,0.0
0.0,0.0,5,5,0.0
0.3421052631578947,0.0,4,6,38.0
0.5483870967741935,0.0,9,7,31.0
0.1454545454545454,0.0,7,8,55.0
0.1111111111111111,0.0,13,9,0.0
0.4814814814814814,0.0,7,16,27.0
0.0,0.0,0,20,2.0
0.1666666666666666,0.0,4,22,0.0
0.0217391304347826,0.4285714285714285,4,2,0.0
0.0,0.0,4,4,0.0
0.25,0.3333333333333333,6,5,0.0
0.3,0.0,12,6,0.0
0.2777777777777778,0.0,12,7,18.0
0.0952380952380952,0.0,4,10,21.0
0.3076923076923077,0.0,19,15,13.0
0.4,0.0,6,18,10.0
0.16,0.0,7,21,0.0
0.1891891891891892,0.0,4,22,37.0
0.2391304347826087,0.4444444444444444,20,2,0.0
0.0,0.4615384615384615,4,3,0.0
0.0,0.3333333333333333,5,5,0.0
0.3260869565217391,0.0,5,6,46.0
0.5405405405405406,0.0,9,7,37.0
0.125,0.0,8,8,64.0
0.7,0.0,3,11,10.0
0.0,0.0,1,19,0.0
0.4444444444444444,0.0,1,20,9.0
0.3333333333333333,0.5,7,22,0.0
0.375,0.0,2,2,0.0
0.4736842105263157,0.0,1,3,0.0
0.2608695652173913,0.0,1,4,23.0
0.05,0.0,0,5,0.0
0.0333333333333333,0.4285714285714285,1,6,0.0
0.4615384615384615,0.0,1,7,26.0
0.5833333333333334,0.0,0,10,0.0
0.6071428571428571,0.0,0,11,28.0
0.3888888888888889,0.0,2,14,18.0
0.6086956521739131,0.0,2,17,0.0
0.0833333333333333,1.0,0,3,0.0
0.3636363636363636,0.0,1,5,11.0
0.0625,0.0,0,6,0.0
0.2083333333333333,0.0,1,7,0.0
0.5,0.0,1,8,10.0
0.2857142857142857,0.0,4,9,0.0
0.2307692307692307,0.0,1,11,0.0
0.0,0.0,2,16,0.0
0.3684210526315789,0.0,5,17,19.0
0.3333333333333333,0.0,3,19,0.0
0.325,0.0,3,2,0.0
0.5483870967741935,0.125,4,3,0.0
0.2608695652173913,0.0,1,4,46.0
0.0697674418604651,0.0,1,5,0.0
0.0666666666666666,0.5,2,6,0.0
0.5609756097560976,0.0,3,7,41.0
0.5454545454545454,0.0,1,10,0.0
0.6226415094339622,0.0,0,11,53.0
0.375,0.0,5,14,32.0
0.65,0.0,4,17,0.0
0.05,1.0,1,3,0.0
0.1818181818181818,0.0,1,5,22.0
0.0333333333333333,0.25,0,6,0.0
0.2954545454545454,0.0,1,7,0.0
0.24,0.0,1,8,25.0
0.2413793103448276,0.0,5,9,0.0
0.1515151515151515,0.0,3,11,0.0
0.0975609756097561,1.0,2,16,0.0
0.3823529411764705,0.0,6,17,34.0
0.217391304347826,0.0,5,19,0.0
0.2153846153846154,0.0909090909090909,3,2,0.0
0.3695652173913043,0.1111111111111111,5,3,0.0
0.1857142857142857,0.0,1,4,70.0
0.0454545454545454,0.0,2,5,0.0
0.0461538461538461,0.5454545454545454,4,6,0.0
0.3676470588235294,0.0,4,7,68.0
0.3333333333333333,0.0,2,10,0.0
0.4285714285714285,0.0,4,11,84.0
0.2,0.0,9,14,65.0
0.5098039215686274,0.0,8,17,0.0
0.1136363636363636,1.0,2,3,0.0
0.2045454545454545,0.0,2,5,44.0
0.1578947368421052,0.2,0,6,0.0
0.3205128205128205,0.0,3,7,0.0
0.3137254901960784,0.0,2,8,51.0
0.3673469387755102,0.0,7,9,0.0
0.2333333333333333,0.5,4,11,0.0
0.1111111111111111,0.75,5,16,0.0
0.3285714285714285,0.0,8,17,70.0
0.3333333333333333,0.0,7,19,0.0
0.1777777777777777,0.0769230769230769,4,2,0.0
0.3442622950819672,0.25,9,3,0.0
0.1860465116279069,0.0,1,4,86.0
0.0375,0.2,2,5,0.0
0.0394736842105263,0.5454545454545454,5,6,0.0
0.358974358974359,0.0,7,7,78.0
0.3285714285714285,0.0,5,10,0.0
0.39,0.0,4,11,100.0
0.1728395061728395,0.0,11,14,81.0
0.4571428571428571,0.0,12,17,0.0
0.238095238095238,0.0,4,5,63.0
0.12,0.2857142857142857,1,6,0.0
0.3375,0.0,4,7,0.0
0.3235294117647059,0.0,2,8,68.0
0.4137931034482758,0.0,8,9,0.0
0.0,0.0,2,10,0.0
0.2179487179487179,0.3333333333333333,5,11,0.0
0.0963855421686747,0.6666666666666666,8,16,0.0
0.4,0.0,8,19,0.0
0.0,0.0,1,20,4.0
0.2293577981651376,0.125,6,2,0.0
0.3380281690140845,0.2307692307692307,11,3,0.0
0.1684210526315789,0.0,1,4,95.0
0.0352941176470588,0.4285714285714285,2,5,0.0
0.0357142857142857,0.6153846153846154,5,6,0.0
0.3516483516483517,0.0,12,7,91.0
0.5,0.0,1,8,10.0
1.0,0.0,1,9,0.0
0.3963963963963964,0.0,4,11,111.0
0.2087912087912088,0.0,12,14,91.0
0.0,1.0,3,2,0.0
0.2054794520547945,0.0,5,5,73.0
0.1097560975609756,0.2857142857142857,1,6,0.0
0.2894736842105263,0.0,2,8,76.0
0.4,0.0,9,9,0.0
0.1666666666666666,0.0,4,10,0.0
0.2150537634408602,0.5,5,11,0.0
0.1666666666666666,0.0,3,18,0.0
0.3818181818181818,0.0,8,19,0.0
0.0,0.0,2,20,10.0
0.0,0.0,3,2,0.0
0.0,1.0,1,3,0.0
0.3333333333333333,0.0,3,8,9.0
0.0,0.0,2,9,0.0
0.5,0.0,2,10,2.0
1.0,1.0,3,14,0.0
0.0,0.0,4,15,0.0
0.1666666666666666,0.0,2,16,6.0
0.6666666666666666,0.0,4,17,3.0
0.0,1.0,5,18,0.0
0.0,0.0,2,4,0.0
0.0,0.0,1,6,4.0
0.5,0.0,2,7,0.0
0.0,0.0,2,9,0.0
0.0,0.0,3,10,5.0
0.0,1.0,0,15,0.0
0.0454545454545454,0.0,2,16,0.0
0.6666666666666666,0.0,2,17,3.0
0.0909090909090909,0.2,2,18,0.0
0.5,0.0,6,20,0.0
0.05,0.6666666666666666,4,2,0.0
0.0,0.75,2,3,0.0
0.2222222222222222,0.0,3,8,18.0
0.6,0.0,2,9,0.0
0.2857142857142857,0.0,3,10,7.0
0.25,1.0,5,14,0.0
0.1176470588235294,0.6,7,15,0.0
0.1818181818181818,0.0,5,16,11.0
0.375,0.0,5,17,8.0
0.0909090909090909,1.0,9,18,0.0
0.0,0.0,2,4,0.0
0.2222222222222222,0.0,4,6,9.0
0.6,0.0,5,7,0.0
0.1666666666666666,0.0,4,9,0.0
0.0,0.0,6,10,14.0
0.0285714285714285,0.75,1,15,0.0
0.0606060606060606,0.1,2,16,0.0
0.75,0.0,5,17,4.0
0.1428571428571428,0.2222222222222222,2,18,0.0
0.375,0.0,10,20,0.0
0.0416666666666666,0.6666666666666666,5,2,0.0
0.0,0.6,3,3,0.0
0.1818181818181818,0.0,4,8,22.0
0.5,0.0,2,9,0.0
0.2307692307692307,0.0,4,10,13.0
0.2,0.5,8,14,0.0
0.08,0.375,9,15,0.0
0.1333333333333333,0.0,7,16,15.0
0.4444444444444444,0.0,7,17,9.0
0.0666666666666666,0.6,15,18,0.0
0.0192307692307692,0.0,2,4,0.0
0.1333333333333333,0.0,5,6,15.0
0.4444444444444444,0.0,6,7,0.0
0.1428571428571428,0.0,8,9,0.0
0.05,0.0,7,10,20.0
0.0666666666666666,0.6,1,15,0.0
0.1395348837209302,0.1538461538461538,2,16,0.0
0.5714285714285714,0.0,11,17,7.0
0.15625,0.3846153846153846,3,18,0.0
0.5454545454545454,0.0,15,20,0.0
0.0357142857142857,0.6666666666666666,5,2,0.0
0.0625,0.5,4,3,0.0
0.2368421052631578,0.0,4,8,38.0
0.3636363636363636,0.0,3,9,0.0
0.2941176470588235,0.0,7,10,17.0
0.15,0.3333333333333333,10,14,0.0
0.054054054054054,0.4444444444444444,14,15,0.0
0.16,0.0,9,16,25.0
0.3846153846153846,0.0,11,17,13.0
0.24,0.4285714285714285,17,18,0.0
0.032258064516129,0.0,4,4,0.0
0.15,0.0,6,6,20.0
0.5454545454545454,0.0,10,7,0.0
0.25,0.0,16,9,0.0
0.0416666666666666,0.0,7,10,24.0
0.0566037735849056,0.6,3,15,0.0
0.1724137931034483,0.2,6,16,0.0
0.4444444444444444,0.0,11,17,9.0
0.1428571428571428,0.3157894736842105,4,18,0.0
0.6428571428571429,0.0,18,20,0.0
0.0967741935483871,0.8,6,2,0.0
0.0571428571428571,0.5,4,3,0.0
0.5,0.0,5,7,0.0
0.275,0.0,4,8,40.0
0.048780487804878,0.4,15,15,0.0
0.1785714285714285,0.0,9,16,28.0
0.4285714285714285,0.0,13,17,14.0
0.2857142857142857,0.4285714285714285,17,18,0.0
0.6666666666666666,0.0,0,20,0.0
0.0,0.0,3,21,0.0
0.0303030303030303,0.3333333333333333,4,4,0.0
0.5833333333333334,0.0,12,7,0.0
0.0,0.0,0,8,2.0
0.3,0.0,20,9,0.0
0.0384615384615384,0.0,7,10,26.0
0.0,0.0,1,11,0.0
0.0535714285714285,0.6,3,15,0.0
0.1587301587301587,0.2,6,16,0.0
0.5,0.0,12,17,10.0
0.1395348837209302,0.3157894736842105,4,18,0.0
0.1,0.0,2,2,0.0
0.0,0.0,2,3,0.0
0.0,0.0,1,4,0.0
0.0769230769230769,1.0,0,5,0.0
0.0666666666666666,0.0,1,6,15.0
0.0,0.0,3,7,6.0
0.0,0.0,0,8,1.0
0.5,0.0,3,11,0.0
0.6,0.0,5,17,0.0
0.25,0.0,5,21,0.0
0.0,0.0,1,2,0.0
0.5454545454545454,0.0,3,3,0.0
0.0,0.0,4,4,0.0
0.3333333333333333,1.0,1,5,0.0
0.0,0.0,0,7,1.0
0.6,0.0,2,8,5.0
0.6666666666666666,0.0,2,9,0.0
0.7777777777777778,0.0,0,10,9.0
0.2307692307692307,0.0,3,19,13.0
0.3076923076923077,0.0,1,20,13.0
0.1111111111111111,0.0,3,2,0.0
0.0,0.0,2,3,0.0
0.0303030303030303,0.0,1,4,0.0
0.1875,1.0,0,5,0.0
0.0434782608695652,0.0,1,6,23.0
0.0952380952380952,0.0,5,7,21.0
0.1666666666666666,0.0,1,8,6.0
0.5,0.0,6,11,0.0
0.4375,0.0,8,17,0.0
0.2857142857142857,0.0,9,21,0.0
0.0,0.0,3,2,0.0
0.4666666666666667,0.5,6,3,0.0
0.0,1.0,7,4,0.0
0.1428571428571428,0.6666666666666666,6,5,0.0
0.3333333333333333,0.0,1,7,6.0
0.2727272727272727,0.0,3,8,11.0
0.6666666666666666,0.0,3,9,0.0
0.6363636363636364,0.0,2,10,11.0
0.1304347826086956,0.0,5,19,23.0
0.2,0.0,1,20,20.0
0.1395348837209302,0.25,3,2,0.0
0.0,0.0,2,3,0.0
0.0232558139534883,0.0,1,4,0.0
0.1818181818181818,1.0,2,5,0.0
0.0606060606060606,0.0,3,6,33.0
0.1724137931034483,0.0,7,7,29.0
0.125,0.0,5,8,8.0
0.3333333333333333,0.0,8,11,0.0
0.4117647058823529,0.0,12,17,0.0
0.3157894736842105,0.0,13,21,0.0
0.0,1.0,6,2,0.0
0.45,0.5,8,3,0.0
0.1282051282051282,1.0,8,4,0.0
0.3157894736842105,0.5,6,5,0.0
0.4545454545454545,0.0,3,7,11.0
0.3529411764705882,0.0,4,8,17.0
0.5,0.0,5,9,0.0
0.6666666666666666,0.0,5,10,15.0
0.1071428571428571,0.0,6,19,28.0
0.2142857142857142,0.0,3,20,28.0
0.1458333333333333,0.25,3,2,0.0
0.0,0.0,2,3,0.0
0.0444444444444444,0.0,2,4,0.0
0.05,0.0,4,6,40.0
0.2631578947368421,0.0,11,7,38.0
0.0909090909090909,0.0,5,8,11.0
0.3333333333333333,0.0,14,11,0.0
0.2,0.0,1,13,0.0
0.4761904761904761,0.0,14,17,0.0
0.3,0.0,16,21,0.0
0.0638297872340425,0.3333333333333333,10,2,0.0
0.4864864864864865,0.375,12,3,0.0
0.087719298245614,0.75,10,4,0.0
0.3076923076923077,0.6666666666666666,7,5,0.0
0.5,0.0,4,7,16.0
0.3809523809523809,0.0,5,8,21.0
0.4,0.0,6,9,0.0
0.5238095238095238,0.0,7,10,21.0
0.0769230769230769,0.0,9,19,39.0
0.2,0.0,6,20,40.0
0.1923076923076923,0.25,4,2,0.0
0.0,0.0,2,3,0.0
0.0425531914893617,0.0,2,4,0.0
0.1886792452830188,0.0,7,6,53.0
0.2653061224489796,0.0,11,7,49.0
0.1538461538461538,0.0,5,8,13.0
0.375,0.0,16,11,0.0
0.4375,0.0,5,13,0.0
0.8888888888888888,0.0,3,20,0.0
0.2,0.0,4,23,0.0
0.0727272727272727,0.25,13,2,0.0
0.4583333333333333,0.4444444444444444,15,3,0.0
0.1159420289855072,0.75,11,4,0.0
0.3513513513513513,0.6,8,5,0.0
0.5238095238095238,0.0,6,7,21.0
0.3928571428571428,0.0,9,8,28.0
0.5172413793103449,0.0,8,10,29.0
0.1176470588235294,0.0,12,19,51.0
0.25,0.0,7,20,48.0
0.3333333333333333,0.0,3,22,0.0
0.0,1.0,0,2,0.0
0.0,0.0,2,3,0.0
0.0,0.0,3,6,1.0
1.0,0.0,0,7,0.0
0.0,0.0,0,8,6.0
0.5,0.0,2,11,2.0
0.0,0.0,2,15,7.0
0.0,0.0,2,18,1.0
0.0,0.0,3,21,0.0
0.1666666666666666,0.0,2,22,0.0
0.375,0.0,1,2,0.0
0.0,0.0,0,3,0.0
0.0909090909090909,0.2857142857142857,0,4,0.0
0.1428571428571428,0.0,3,5,7.0
0.2,0.0,3,6,5.0
0.7142857142857143,0.0,2,7,0.0
1.0,0.0,2,9,0.0
0.6666666666666666,0.0,2,10,6.0
0.375,0.0,2,11,0.0
0.3636363636363636,0.6666666666666666,4,15,0.0
0.0,1.0,0,2,0.0
0.0,0.5,2,3,0.0
0.2222222222222222,0.0,4,6,9.0
1.0,0.0,3,7,0.0
0.1428571428571428,0.0,4,8,7.0
0.25,0.0,6,11,4.0
0.1111111111111111,0.0,3,15,9.0
0.5,0.0,9,18,2.0
0.0,0.0,4,21,0.0
0.125,0.0,4,22,0.0
0.2142857142857142,0.0,6,2,0.0
0.0,0.2,2,3,0.0
0.125,0.2222222222222222,1,4,0.0
0.1875,0.0,6,5,16.0
0.2307692307692307,0.0,3,6,13.0
0.4545454545454545,0.0,3,7,0.0
0.5,0.0,4,9,0.0
0.75,0.0,4,10,12.0
0.5714285714285714,0.0,3,11,0.0
0.5454545454545454,0.6666666666666666,8,15,0.0
0.0,1.0,0,2,0.0
0.2,0.0,4,6,15.0
0.375,0.0,4,7,0.0
0.1428571428571428,0.0,4,8,14.0
0.3333333333333333,0.0,7,11,9.0
0.2,0.0,4,15,15.0
0.25,0.0,13,18,4.0
0.0,1.0,4,21,0.0
0.2,0.5,4,22,0.0
0.2,0.5,8,2,0.0
0.0,0.4444444444444444,2,3,0.0
0.1509433962264151,0.1538461538461538,1,4,0.0
0.25,0.0,6,5,20.0
0.25,0.0,3,6,16.0
0.4705882352941176,0.0,3,7,0.0
0.4285714285714285,0.0,8,9,0.0
0.6,0.0,4,10,20.0
0.5882352941176471,0.0,4,11,0.0
0.5333333333333333,0.5833333333333334,10,15,0.0
0.0,1.0,1,2,0.0
0.25,0.625,4,3,0.0
0.2272727272727272,0.0,6,6,22.0
0.4545454545454545,0.0,4,7,0.0
0.2857142857142857,0.0,4,8,21.0
0.5333333333333333,0.0,8,11,15.0
0.1904761904761904,0.0,4,15,21.0
0.5,0.0,17,18,6.0
0.0,0.5,6,21,0.0
0.2272727272727272,0.6,4,22,0.0
0.2121212121212121,0.5,10,2,0.0
0.0,0.5,2,3,0.0
0.136986301369863,0.2,1,4,0.0
0.2692307692307692,0.0,7,5,26.0
0.5909090909090909,0.0,6,7,0.0
0.4444444444444444,0.0,12,9,0.0
0.4883720930232558,0.0,5,10,43.0
0.5833333333333334,0.0,6,11,0.0
0.5833333333333334,0.5384615384615384,10,15,0.0
0.8333333333333334,0.0,1,22,6.0
0.0,0.8,2,2,0.0
0.25,0.5555555555555556,5,3,0.0
0.2,0.0,7,6,25.0
0.0,0.0,1,13,0.0
0.0,0.0,0,14,0.0
0.24,0.0,4,15,25.0
0.5714285714285714,0.0,18,18,7.0
0.0,0.6666666666666666,9,21,0.0
0.2,0.6,6,22,0.0
0.2105263157894736,0.5,12,2,0.0
0.0,0.5454545454545454,2,3,0.0
0.119047619047619,0.3684210526315789,2,4,0.0
0.3103448275862069,0.0,7,5,29.0
0.3636363636363636,0.0,15,9,0.0
0.4814814814814814,0.0,5,10,54.0
0.5882352941176471,0.0,7,11,0.0
0.0,0.0,0,20,5.0
0.7272727272727273,0.0,2,22,11.0
0.0,0.0,1,20,0.0
0.5,0.0,3,17,0.0
0.0,0.0,5,2,0.0
0.1111111111111111,0.0,1,6,9.0
0.1666666666666666,0.0,1,8,12.0
0.5,0.0,3,9,4.0
0.0,0.0,5,11,0.0
0.0,0.0,5,14,0.0
0.0,0.0,3,15,0.0
0.0,0.5,3,16,0.0
0.5,0.0,2,21,2.0
0.6666666666666666,0.0,1,22,3.0
0.1428571428571428,0.0,2,2,0.0
0.0,1.0,1,3,0.0
0.0,0.5,3,4,0.0
0.0,0.0,1,5,7.0
0.4,0.0,3,6,5.0
0.6666666666666666,0.0,2,7,3.0
0.25,0.0,5,8,4.0
0.0,0.0,4,10,0.0
0.1666666666666666,0.0,2,11,6.0
0.0,0.0,1,13,0.0
0.0769230769230769,0.2222222222222222,7,2,0.0
0.1764705882352941,0.0,2,6,17.0
0.1428571428571428,0.0,2,8,14.0
0.5714285714285714,0.0,5,9,7.0
0.6666666666666666,0.0,7,11,0.0
0.0,0.3333333333333333,6,14,0.0
0.0625,0.3333333333333333,3,15,0.0
0.0,0.3333333333333333,3,16,0.0
0.75,0.0,3,21,4.0
0.4285714285714285,0.0,2,22,7.0
0.1,0.0,4,2,0.0
0.0,0.3333333333333333,2,3,0.0
0.0,0.3333333333333333,8,4,0.0
0.0,0.0,3,5,12.0
0.25,0.0,9,6,8.0
0.5714285714285714,0.0,5,7,7.0
0.2,0.0,6,8,5.0
0.0,0.0,5,10,0.0
0.1666666666666666,0.0,5,11,6.0
0.1818181818181818,0.5,4,13,0.0
0.1111111111111111,0.2222222222222222,8,2,0.0
0.1290322580645161,0.0,3,6,31.0
0.0909090909090909,0.0,4,8,22.0
0.3636363636363636,0.0,9,9,11.0
0.75,0.0,9,11,0.0
0.0,0.3333333333333333,7,14,0.0
0.0454545454545454,0.25,3,15,0.0
0.0,0.4,4,16,0.0
0.6,0.0,6,21,5.0
0.2727272727272727,0.0,3,22,11.0
0.1764705882352941,0.0,7,2,0.0
0.0,0.3333333333333333,4,3,0.0
0.0,0.4285714285714285,11,4,0.0
0.16,0.0,3,5,25.0
0.4285714285714285,0.0,16,6,14.0
0.7142857142857143,0.0,7,7,14.0
0.4166666666666667,0.0,7,8,12.0
0.0,0.0,9,10,0.0
0.2727272727272727,0.0,7,11,11.0
0.3157894736842105,0.4,6,13,0.0
0.2,0.2,9,2,0.0
0.131578947368421,0.0,4,6,38.0
0.2,0.0,7,8,35.0
0.4285714285714285,0.0,15,9,14.0
0.0,0.0,0,10,0.0
0.4285714285714285,0.0,10,11,0.0
0.0,0.5,8,14,0.0
0.0,0.4,4,16,0.0
0.7,0.0,7,21,10.0
0.375,0.0,4,22,16.0
0.1818181818181818,0.0,9,2,0.0
0.0,0.3333333333333333,4,3,0.0
0.0,0.4285714285714285,11,4,0.0
0.4666666666666667,0.0,17,6,15.0
0.7142857142857143,0.0,9,7,21.0
0.5,0.0,9,8,16.0
0.0,0.0,12,10,0.0
0.4827586206896552,0.5,8,13,0.0
0.5,0.0,1,17,4.0
1.0,0.0,0,20,4.0
0.1764705882352941,0.1818181818181818,13,2,0.0
0.1162790697674418,0.0,4,6,43.0
0.2105263157894736,0.0,9,8,38.0
0.5,0.0,2,10,2.0
0.375,0.0,12,11,0.0
0.0,1.0,1,13,0.0
0.0,0.4,11,14,0.0
0.0,0.5,5,16,0.0
0.0,0.0,0,17,10.0
0.6875,0.0,8,21,16.0
0.3333333333333333,0.1666666666666666,14,2,0.0
0.0,0.3333333333333333,5,3,0.0
0.0,0.4285714285714285,12,4,0.0
0.5,0.0,18,6,18.0
0.7307692307692307,0.0,9,7,26.0
0.6,0.0,10,8,20.0
0.0,0.0,1,9,0.0
0.4838709677419355,0.5,9,13,0.0
0.5555555555555556,0.0,2,17,9.0
0.8333333333333334,0.0,4,20,6.0
0.2857142857142857,1.0,4,2,0.0
0.3333333333333333,1.0,0,3,0.0
0.0,0.0,0,4,0.0
0.0,0.0,2,5,0.0
0.4545454545454545,0.0,0,6,11.0
0.3333333333333333,0.0,2,9,0.0
0.25,0.0,0,10,0.0
0.5714285714285714,0.0,2,17,7.0
0.3,0.0,0,18,10.0
0.7142857142857143,0.0,2,20,7.0
0.3333333333333333,0.0,1,2,6.0
0.0,0.6666666666666666,1,3,0.0
0.0,0.25,3,5,0.0
0.0,0.0,0,6,0.0
0.0,0.0,2,7,0.0
0.0,0.0,0,8,7.0
0.0,0.0,4,9,0.0
0.2857142857142857,0.0,2,10,0.0
0.0,0.0,1,18,2.0
0.0,0.0,0,19,2.0
0.3076923076923077,0.5,5,2,0.0
0.2857142857142857,0.5,3,3,0.0
0.05,0.5,1,4,0.0
0.0,0.0,3,5,0.0
0.3125,0.0,1,6,16.0
0.2,0.0,3,9,0.0
0.5555555555555556,0.0,1,10,0.0
0.5833333333333334,0.0,5,17,12.0
0.2222222222222222,0.0,1,18,18.0
0.5384615384615384,0.0,4,20,13.0
0.2857142857142857,0.0,3,2,14.0
0.0,0.75,2,3,0.0
0.0,0.2,4,5,0.0
0.0,0.4,1,6,0.0
0.2222222222222222,0.0,3,7,0.0
0.05,0.0,2,8,20.0
0.0,0.0,4,9,0.0
0.2941176470588235,0.0,3,10,0.0
0.2222222222222222,0.0,5,18,9.0
0.0,0.0,1,19,12.0
0.3333333333333333,0.5,5,2,0.0
0.0454545454545454,0.5,1,4,0.0
0.0588235294117647,0.5,6,5,0.0
0.2631578947368421,0.0,1,6,19.0
0.3333333333333333,0.0,3,9,0.0
0.6,0.0,2,10,0.0
0.5,0.0,6,17,14.0
0.2,0.0,1,18,20.0
0.5,0.0,5,20,14.0
0.3,0.0,3,2,20.0
0.0,0.75,3,3,0.0
0.0,0.2,5,5,0.0
0.0,0.4,1,6,0.0
0.2727272727272727,0.0,3,7,0.0
0.0416666666666666,0.0,2,8,24.0
0.6666666666666666,0.0,6,9,0.0
0.3076923076923077,0.0,4,10,0.0
0.3157894736842105,0.0,5,18,19.0
0.1052631578947368,0.0,1,19,19.0
0.2727272727272727,0.3333333333333333,7,2,0.0
0.2941176470588235,0.5,6,3,0.0
0.04,0.5,3,4,0.0
0.0434782608695652,0.5,6,5,0.0
0.2272727272727272,0.0,1,6,22.0
0.3333333333333333,0.0,6,9,0.0
0.5,0.0,3,10,0.0
0.6,0.0,10,17,20.0
0.2413793103448276,0.0,5,18,29.0
0.5,0.0,8,20,20.0
0.2142857142857142,0.0,4,2,28.0
0.0,0.8,6,3,0.0
0.0,0.1428571428571428,7,5,0.0
0.0,0.4,2,6,0.0
0.25,0.0,5,7,0.0
0.0909090909090909,0.0,3,8,44.0
0.6666666666666666,0.0,7,9,0.0
0.2571428571428571,0.0,5,10,0.0
0.2962962962962963,0.0,8,18,27.0
0.08,0.0,2,19,25.0
0.2142857142857142,0.7142857142857143,7,3,0.0
0.0344827586206896,0.25,4,4,0.0
0.04,0.5,7,5,0.0
0.2068965517241379,0.0,1,6,29.0
0.0,0.0,2,7,0.0
0.5,0.0,4,10,0.0
0.0,0.0,1,11,1.0
0.2424242424242424,0.0,6,18,33.0
0.0,0.0,5,19,1.0
0.2285714285714285,0.0,6,2,35.0
0.0175438596491228,0.8571428571428571,8,3,0.0
0.0,0.25,8,5,0.0
0.0,0.3333333333333333,3,6,0.0
0.0851063829787234,0.0,6,8,47.0
0.5,0.0,8,9,0.0
0.275,0.0,5,10,0.0
0.0,0.0,1,11,0.0
0.28125,0.0,13,18,32.0
0.1379310344827586,0.0,3,19,29.0
0.0,0.0,2,4,4.0
0.0,0.0,0,5,0.0
0.125,0.0,1,6,8.0
0.0,0.0,1,7,0.0
1.0,0.0,1,9,0.0
0.5,0.0,2,13,0.0
0.0,0.0,2,14,4.0
0.0,0.0,1,18,0.0
0.0909090909090909,0.0,2,19,0.0
0.3333333333333333,0.0,3,22,6.0
0.25,0.3,2,2,0.0
0.0,1.0,0,4,0.0
0.0,0.0,0,5,0.0
0.0833333333333333,0.0,1,8,12.0
1.0,0.0,3,9,0.0
0.25,0.0,2,10,4.0
0.0,0.0,4,11,4.0
0.0,1.0,1,14,0.0
0.4444444444444444,0.0,4,19,9.0
0.125,0.0,3,20,8.0
0.2222222222222222,0.0,4,4,9.0
0.0,0.0,1,5,0.0
0.0909090909090909,0.0,2,6,11.0
0.0,0.0,2,7,0.0
0.75,0.0,4,9,0.0
0.5555555555555556,0.0,5,13,0.0
0.1428571428571428,0.0,5,14,7.0
0.0,0.0,2,18,0.0
0.0555555555555555,0.5,2,19,0.0
0.2,0.0,4,22,10.0
0.2857142857142857,0.2857142857142857,5,2,0.0
0.0526315789473684,0.7142857142857143,1,4,0.0
0.0,1.0,0,5,0.0
0.1153846153846153,0.0,1,8,26.0
0.625,0.0,8,9,0.0
0.1818181818181818,0.0,3,10,11.0
0.6470588235294118,0.0,6,11,17.0
0.2,0.7142857142857143,5,14,0.0
0.3333333333333333,0.0,6,19,18.0
0.1904761904761904,0.0,3,20,21.0
0.1818181818181818,0.0,4,4,11.0
0.0,0.0,2,5,0.0
0.0833333333333333,0.0,4,6,12.0
0.25,0.0,4,7,0.0
0.6,0.0,6,9,0.0
0.5,0.0,9,13,0.0
0.1428571428571428,0.0,9,14,7.0
0.0,0.0,4,18,0.0
0.0416666666666666,0.3333333333333333,4,19,0.0
0.1818181818181818,0.0,5,22,11.0
0.3225806451612903,0.25,10,2,0.0
0.037037037037037,0.75,3,4,0.0
0.0,0.75,2,5,0.0
0.1219512195121951,0.0,3,8,41.0
0.6666666666666666,0.0,9,9,0.0
0.3333333333333333,0.0,6,10,18.0
0.6190476190476191,0.0,9,11,21.0
0.25,0.4545454545454545,8,14,0.0
0.44,0.0,7,19,25.0
0.2592592592592592,0.0,3,20,27.0
0.1764705882352941,0.0,9,4,17.0
0.0,0.0,4,5,0.0
0.05,0.0,7,6,20.0
0.2,0.0,8,7,0.0
0.75,0.0,13,9,0.0
0.4615384615384615,0.0,13,13,0.0
0.0833333333333333,0.0,10,14,12.0
0.0,0.25,4,18,0.0
0.032258064516129,0.4285714285714285,6,19,0.0
0.2,0.0,6,22,15.0
0.3673469387755102,0.217391304347826,14,2,0.0
0.0714285714285714,0.6666666666666666,6,4,0.0
0.0,0.5714285714285714,3,5,0.0
0.296875,0.0,4,8,64.0
0.6,0.0,11,9,0.0
0.4090909090909091,0.0,10,10,22.0
0.7,0.0,12,11,40.0
0.2,0.4615384615384615,13,14,0.0
0.4193548387096774,0.0,9,19,31.0
0.4,0.0,7,20,40.0
0.2,0.0,10,4,20.0
0.0,0.0,7,5,0.0
0.0434782608695652,0.0,9,6,23.0
0.75,0.0,15,9,0.0
0.0,0.0,0,10,0.0
0.4,0.0,16,13,0.0
0.0714285714285714,0.0,10,14,14.0
0.0,0.25,5,18,0.0
0.0285714285714285,0.4285714285714285,6,19,0.0
0.15,0.0,10,22,20.0
0.3387096774193548,0.28,17,2,0.0
0.1153846153846153,0.6666666666666666,7,4,0.0
0.0,0.5714285714285714,3,5,0.0
0.3563218390804598,0.0,4,8,87.0
0.673469387755102,0.0,13,11,49.0
0.1911764705882352,0.4375,16,14,0.0
0.0,0.0,2,18,0.0
0.5,0.0,10,19,46.0
0.3571428571428571,0.0,7,20,56.0
0.6666666666666666,0.0,1,21,3.0
0.0666666666666666,0.75,1,2,0.0
0.5625,0.2,4,3,0.0
0.0,0.6666666666666666,1,4,0.0
0.4117647058823529,0.25,2,5,0.0
0.3333333333333333,0.0,1,6,12.0
0.5,0.0,3,7,0.0
0.6,0.0,1,8,5.0
0.6,0.0,3,10,10.0
0.0,0.0,2,19,8.0
0.4,0.0,4,21,5.0
0.0,0.6666666666666666,2,4,0.0
0.25,0.0,2,6,4.0
0.0,0.0,3,7,0.0
0.0,0.0,1,9,0.0
0.1111111111111111,0.0,2,10,9.0
0.0,0.0,2,11,0.0
0.0,0.0,1,15,0.0
0.0,0.4,1,16,0.0
0.2222222222222222,0.3333333333333333,2,18,0.0
0.0,0.0,3,21,4.0
0.05,0.75,2,2,0.0
0.4838709677419355,0.5833333333333334,6,3,0.0
0.037037037037037,0.6,3,4,0.0
0.5,0.2222222222222222,3,5,0.0
0.4074074074074074,0.0,1,6,27.0
0.8,0.0,3,7,0.0
0.5,0.0,2,8,10.0
0.5,0.0,5,10,12.0
0.1052631578947368,0.0,3,19,19.0
0.4615384615384615,0.0,5,21,13.0
0.0,0.6,2,4,0.0
0.25,0.0,4,6,8.0
0.6666666666666666,0.0,6,7,0.0
0.0,0.0,4,9,0.0
0.0833333333333333,0.0,2,10,12.0
0.0,0.0,6,11,0.0
0.0,0.0,2,15,0.0
0.1666666666666666,0.4545454545454545,1,16,0.0
0.1176470588235294,0.4,2,18,0.0
0.2857142857142857,0.0,4,21,7.0
0.0384615384615384,0.8,3,2,0.0
0.4473684210526316,0.4666666666666667,8,3,0.0
0.0285714285714285,0.5714285714285714,5,4,0.0
0.4444444444444444,0.3333333333333333,4,5,0.0
0.3947368421052631,0.0,2,6,38.0
0.6666666666666666,0.0,6,7,0.0
0.4666666666666667,0.0,3,8,15.0
0.5625,0.0,6,10,16.0
0.1111111111111111,0.0,3,19,27.0
0.3888888888888889,0.0,6,21,18.0
0.0,0.6,4,4,0.0
0.1818181818181818,0.0,5,6,11.0
0.6666666666666666,0.0,8,7,0.0
0.0,0.0,7,9,0.0
0.0555555555555555,0.0,3,10,18.0
0.0,0.0,7,11,0.0
0.0,0.0,3,15,0.0
0.125,0.5,3,16,0.0
0.0833333333333333,0.5,3,18,0.0
0.25,0.0,5,21,8.0
0.0263157894736842,0.8,4,2,0.0
0.4285714285714285,0.4375,9,3,0.0
0.0212765957446808,0.5714285714285714,8,4,0.0
0.3653846153846153,0.2857142857142857,6,5,0.0
0.3404255319148936,0.0,3,6,47.0
0.6923076923076923,0.0,11,7,0.0
0.4,0.0,5,8,20.0
0.5789473684210527,0.0,9,10,19.0
0.1111111111111111,0.0,4,19,36.0
0.45,0.0,12,21,20.0
0.0,0.6,5,4,0.0
0.2,0.0,6,6,15.0
0.4,0.0,13,7,0.0
0.0,0.0,3,8,1.0
0.1428571428571428,0.0,9,9,0.0
0.0,0.0,3,15,0.0
0.119047619047619,0.5,5,16,0.0
0.0714285714285714,0.5,4,18,0.0
0.5,0.0,0,20,0.0
0.2727272727272727,0.0,6,21,11.0
0.024390243902439,0.8,5,2,0.0
0.453125,0.3888888888888889,13,3,0.0
0.0892857142857142,0.5714285714285714,8,4,0.0
0.3333333333333333,0.2857142857142857,7,5,0.0
0.3636363636363636,0.0,3,6,55.0
0.4166666666666667,0.0,7,8,24.0
0.0,0.0,2,9,0.0
0.3333333333333333,0.0,3,11,6.0
0.1739130434782608,0.0,6,19,46.0
0.0,0.0,2,22,0.0
0.02,0.5,6,4,0.0
0.12,0.0,7,6,25.0
0.0,0.0,5,8,4.0
0.2,0.0,11,9,0.0
0.0,0.0,4,15,0.0
0.1538461538461538,0.4615384615384615,9,16,0.0
1.0,0.0,1,17,1.0
0.0555555555555555,0.5,4,18,0.0
0.5,0.0,2,20,0.0
0.0,0.0,4,22,0.0
0.375,0.0,4,2,0.0
0.0952380952380952,1.0,2,3,0.0
0.0769230769230769,0.0,3,5,0.0
0.1428571428571428,0.0,0,6,7.0
0.2727272727272727,0.0,4,7,11.0
0.0909090909090909,0.0,0,8,11.0
0.0,0.0,2,9,0.0
0.5,0.0,1,10,6.0
0.7777777777777778,0.0,3,16,9.0
0.0714285714285714,0.3333333333333333,2,22,0.0
0.0909090909090909,0.0,1,5,0.0
0.1111111111111111,0.0,0,6,0.0
0.1666666666666666,0.0,0,8,12.0
0.3333333333333333,0.0,3,9,0.0
0.2222222222222222,0.0,1,10,9.0
0.2222222222222222,0.0,1,11,0.0
0.0,0.0,2,15,0.0
0.0,1.0,4,16,0.0
0.5,0.0,2,19,4.0
0.0,0.0,3,20,1.0
0.5833333333333334,0.0,5,2,0.0
0.25,0.3333333333333333,3,3,0.0
0.2307692307692307,0.0,5,5,0.0
0.3333333333333333,0.0,0,6,12.0
0.5238095238095238,0.0,7,7,21.0
0.4137931034482758,0.0,0,8,29.0
0.25,0.0,2,9,0.0
0.8,0.0,1,10,15.0
0.8888888888888888,0.0,4,16,18.0
0.2307692307692307,0.25,2,22,0.0
0.0625,0.0,2,5,0.0
0.1,0.0,1,6,0.0
0.1428571428571428,0.0,2,8,14.0
0.4,0.0,4,9,0.0
0.2222222222222222,0.0,2,10,9.0
0.1538461538461538,0.0,1,11,0.0
0.0,0.0,3,15,1.0
0.0,1.0,6,16,0.0
0.3333333333333333,0.0,3,19,6.0
0.0,0.0,6,20,2.0
0.5625,0.25,6,2,0.0
0.2537313432835821,0.25,3,3,0.0
0.2558139534883721,0.0,5,5,0.0
0.3125,0.0,0,6,16.0
0.5862068965517241,0.0,9,7,29.0
0.4473684210526316,0.0,1,8,38.0
0.25,0.0,2,9,0.0
0.75,0.0,1,10,20.0
0.875,0.0,4,16,24.0
0.3142857142857143,0.5,2,22,0.0
0.0526315789473684,0.0,2,5,0.0
0.0769230769230769,0.0,1,6,0.0
0.1111111111111111,0.0,3,8,18.0
0.5,0.0,4,9,0.0
0.3333333333333333,0.0,3,10,12.0
0.2352941176470588,0.0,1,11,0.0
0.0,0.0,4,15,3.0
0.0,0.75,7,16,0.0
0.375,0.0,4,19,8.0
0.0,0.0,7,20,3.0
0.2584269662921348,0.3333333333333333,5,3,0.0
0.2727272727272727,0.2,6,5,0.0
0.4666666666666667,0.0,0,6,30.0
0.6410256410256411,0.0,11,7,39.0
0.4262295081967213,0.0,1,8,61.0
0.2857142857142857,0.0,4,9,0.0
0.7,0.0,4,11,10.0
0.6842105263157895,0.0,7,16,38.0
0.0,0.0,1,19,0.0
0.4468085106382978,0.4615384615384615,2,22,0.0
0.0476190476190476,0.0,4,5,0.0
0.0588235294117647,0.0,2,6,0.0
0.1111111111111111,0.0,3,8,18.0
0.5,0.0,5,9,0.0
0.3333333333333333,0.0,5,10,12.0
0.238095238095238,0.0,3,11,0.0
0.0,0.0,4,15,5.0
0.0769230769230769,0.6,9,16,0.0
0.3636363636363636,0.0,5,19,11.0
0.0,0.0,7,20,4.0
0.2421052631578947,0.3333333333333333,8,3,0.0
0.2533333333333333,0.3333333333333333,7,5,0.0
0.4878048780487805,0.0,0,6,41.0
0.8235294117647058,0.0,6,11,17.0
0.3,0.0,0,14,10.0
0.625,0.0,8,16,48.0
0.6666666666666666,0.0,0,17,3.0
0.5,0.0,1,19,0.0
0.4150943396226415,0.4,4,22,0.0
0.0434782608695652,0.0,4,5,0.0
0.0555555555555555,0.0,2,6,0.0
0.0,0.0,0,7,2.0
0.1111111111111111,0.0,3,8,18.0
0.6,0.0,6,9,0.0
0.1923076923076923,0.3333333333333333,3,11,0.0
0.1333333333333333,0.6,9,16,0.0
0.0,0.0,0,17,0.0
0.4615384615384615,0.0,8,19,13.0
0.1666666666666666,0.0,8,20,6.0
0.0,1.0,2,3,0.0
0.0,1.0,2,4,0.0
0.1666666666666666,0.0,1,6,6.0
0.0,0.0,1,8,3.0
0.0,0.0,5,9,0.0
1.0,0.0,1,11,3.0
0.5,1.0,3,16,0.0
0.0,0.0,1,18,0.0
0.0,0.0,2,20,1.0
0.0,1.0,0,2,0.0
0.0,0.0,2,3,0.0
0.0,0.0,1,4,0.0
0.2,0.0,1,6,10.0
0.5714285714285714,0.0,1,7,7.0
0.1666666666666666,0.0,2,8,6.0
0.5,0.0,5,11,0.0
0.1666666666666666,1.0,2,13,0.0
0.6,0.0,3,17,5.0
0.8571428571428571,0.0,3,21,7.0
0.0,1.0,2,3,0.0
0.0,1.0,2,4,0.0
0.1111111111111111,0.0,1,6,9.0
0.0,0.0,2,8,7.0
0.0,0.0,6,9,0.0
1.0,0.0,3,11,3.0
0.4375,1.0,3,16,0.0
0.0,1.0,3,18,0.0
0.0,0.0,3,20,2.0
0.4193548387096774,1.0,0,2,0.0
0.0,1.0,2,3,0.0
0.03125,0.0,2,4,0.0
0.5882352941176471,0.0,3,6,34.0
0.7586206896551724,0.0,2,7,29.0
0.35,0.0,2,8,20.0
0.75,0.0,6,11,0.0
0.4615384615384615,0.6666666666666666,2,13,0.0
0.8695652173913043,0.0,5,17,23.0
0.9047619047619048,0.0,7,21,21.0
0.0,0.6666666666666666,2,3,0.0
0.0,0.8,2,4,0.0
0.2142857142857142,0.0,2,6,14.0
0.0,0.0,3,8,14.0
0.75,0.0,7,9,0.0
0.6666666666666666,0.0,5,11,6.0
0.3076923076923077,0.5,3,16,0.0
0.0769230769230769,0.6,8,18,0.0
0.0,0.0,5,20,3.0
0.4186046511627907,1.0,1,2,0.0
0.075,1.0,2,3,0.0
0.0392156862745098,0.0,3,4,0.0
0.5833333333333334,0.0,4,6,60.0
0.6666666666666666,0.0,3,7,48.0
0.4102564102564102,0.0,2,8,39.0
0.7272727272727273,0.0,7,11,0.0
0.5454545454545454,0.5,4,13,0.0
0.8857142857142857,0.0,8,17,35.0
0.8,0.0,10,21,35.0
0.0344827586206896,0.5,2,3,0.0
0.0,0.7142857142857143,3,4,0.0
0.2105263157894736,0.0,3,6,19.0
0.0434782608695652,0.0,5,8,23.0
0.6666666666666666,0.0,10,9,0.0
0.5454545454545454,0.0,7,11,11.0
0.3333333333333333,0.0,1,14,0.0
0.2580645161290322,0.6,6,16,0.0
0.2272727272727272,0.625,12,18,0.0
0.3333333333333333,1.0,2,2,0.0
0.046875,1.0,3,3,0.0
0.0298507462686567,0.0,4,4,0.0
0.5064935064935064,0.0,5,6,77.0
0.6190476190476191,0.0,4,7,63.0
0.4042553191489361,0.0,3,8,47.0
0.7692307692307693,0.0,7,11,0.0
0.4406779661016949,0.5,6,13,0.0
0.2307692307692307,0.0,1,16,13.0
0.8301886792452831,0.0,9,17,53.0
0.0303030303030303,0.5,4,3,0.0
0.0344827586206896,0.75,5,4,0.0
0.1818181818181818,0.0,4,6,22.0
0.0416666666666666,0.0,6,8,24.0
0.6363636363636364,0.0,10,9,0.0
0.5,0.0,0,13,0.0
0.3333333333333333,0.0,4,14,0.0
0.2,0.7,13,18,0.0
0.0,0.0,0,21,6.0
0.323943661971831,0.8333333333333334,3,2,0.0
0.0526315789473684,1.0,3,3,0.0
0.4893617021276595,0.0,5,6,94.0
0.4181818181818181,0.0,4,8,55.0
0.0,0.0,2,9,0.0
0.4626865671641791,0.5,7,13,0.0
0.5,0.0,4,16,30.0
0.8153846153846154,0.0,10,17,65.0
0.75,0.0,2,18,8.0
0.1666666666666666,0.0,1,2,0.0
0.0,0.0,3,4,0.0
0.0,0.0,0,5,0.0
0.0,0.0,0,6,5.0
0.0,0.0,0,8,4.0
0.0,0.0,0,9,0.0
0.0,0.0,1,10,0.0
0.0,0.0,3,14,0.0
0.0,0.0,0,19,3.0
0.5,0.0,1,21,2.0
0.0,0.0,1,2,0.0
0.3333333333333333,0.25,0,3,0.0
0.1111111111111111,1.0,0,5,0.0
0.0,1.0,0,6,0.0
1.0,0.0,3,7,0.0
0.0,0.0,0,8,4.0
0.5,0.0,4,9,0.0
0.5,0.0,4,10,0.0
0.125,0.0,2,18,8.0
0.1666666666666666,0.0,1,19,6.0
0.0666666666666666,0.0,4,2,0.0
0.0,0.6666666666666666,4,4,0.0
0.0,0.5,1,5,0.0
0.1,0.0,1,6,20.0
0.0,0.0,0,8,15.0
1.0,0.0,1,9,0.0
1.0,0.0,2,10,1.0
0.0666666666666666,0.5,4,14,0.0
0.1538461538461538,0.0,1,19,13.0
0.1666666666666666,0.0,1,21,6.0
0.0,0.0,2,2,3.0
0.1875,0.5,0,3,0.0
0.0588235294117647,0.5,2,5,0.0
0.0,1.0,1,6,0.0
0.6666666666666666,0.0,3,7,0.0
0.0,0.0,0,8,12.0
0.5,0.0,5,9,0.0
0.3333333333333333,0.0,5,10,0.0
0.0833333333333333,0.0,3,18,12.0
0.0833333333333333,0.0,1,19,12.0
0.0833333333333333,0.1666666666666666,6,2,0.0
0.0,0.6666666666666666,4,4,0.0
0.0,0.3333333333333333,1,5,0.0
0.0625,0.0,3,6,32.0
0.0333333333333333,0.0,5,8,30.0
0.5,0.0,1,9,0.0
0.3333333333333333,0.0,4,10,6.0
0.0714285714285714,0.375,7,14,0.0
0.15,0.0,3,19,20.0
0.1111111111111111,0.0,3,21,9.0
0.2,0.0,6,2,5.0
0.1666666666666666,0.5714285714285714,0,3,0.0
0.0476190476190476,0.5,3,5,0.0
0.0,1.0,2,6,0.0
0.4,0.0,6,7,0.0
0.0,0.0,1,8,17.0
0.5,0.0,9,9,0.0
0.2666666666666666,0.0,9,10,0.0
0.0625,0.0,6,18,16.0
0.0769230769230769,0.0,3,19,13.0
0.175,0.375,8,2,0.0
0.025,0.75,4,4,0.0
0.0,0.3333333333333333,2,5,0.0
0.08,0.0,5,6,50.0
0.1111111111111111,0.0,8,8,45.0
0.625,0.0,3,9,0.0
0.4545454545454545,0.0,7,10,11.0
0.0512820512820512,0.375,9,14,0.0
0.1785714285714285,0.0,6,19,28.0
0.2777777777777778,0.0,5,21,18.0
0.25,0.0,10,2,12.0
0.2083333333333333,0.5714285714285714,2,3,0.0
0.0357142857142857,0.3333333333333333,6,5,0.0
0.0,1.0,2,6,0.0
0.3333333333333333,0.0,10,7,0.0
0.0416666666666666,0.0,2,8,24.0
0.3333333333333333,0.0,12,9,0.0
0.217391304347826,0.0,11,10,0.0
0.1071428571428571,0.0,9,18,28.0
0.0769230769230769,0.0,4,19,13.0
0.2181818181818181,0.3636363636363636,11,2,0.0
0.5,0.0,7,10,18.0
0.4285714285714285,0.0,1,11,7.0
1.0,0.0,3,12,0.0
0.2222222222222222,0.0,0,16,9.0
0.0,0.0,0,18,0.0
0.2702702702702703,0.0,6,19,37.0
0.3333333333333333,0.0,0,23,3.0
0.25,0.0,12,2,12.0
0.032258064516129,0.3333333333333333,6,5,0.0
0.0,1.0,2,6,0.0
0.3333333333333333,0.0,10,7,0.0
0.0357142857142857,0.0,2,8,28.0
0.3333333333333333,0.0,13,9,0.0
0.1923076923076923,0.0,13,10,0.0
0.1,0.0,9,18,30.0
0.0,0.0,0,20,0.0
0.0,0.0,1,2,0.0
0.25,0.0,2,3,0.0
0.1111111111111111,0.0,0,4,9.0
0.0,0.0,0,6,6.0
0.25,0.0,2,8,4.0
0.5,0.0,4,14,0.0
0.0,0.0,4,17,1.0
0.5,0.0,2,18,6.0
0.2,0.0,2,20,0.0
0.0,0.0,0,21,0.0
0.4,0.0,1,2,0.0
0.0,0.6666666666666666,1,4,0.0
0.1,0.0,2,6,10.0
0.25,0.0,2,8,4.0
0.0,0.0,2,11,0.0
0.3,0.0,3,14,0.0
0.0,0.0,0,16,0.0
0.2,0.0,2,17,10.0
0.2,0.0,2,20,0.0
0.0,0.0,0,21,0.0
0.0,0.0,1,2,0.0
0.2857142857142857,0.0,2,3,0.0
0.0769230769230769,0.0,0,4,13.0
0.0,0.0,1,6,8.0
0.2,0.0,4,8,10.0
0.2857142857142857,0.0,9,14,0.0
0.0,0.0,6,17,1.0
0.6666666666666666,0.0,2,18,9.0
0.1666666666666666,0.0,3,20,0.0
0.0,0.0,2,21,0.0
0.5294117647058824,0.3333333333333333,1,2,0.0
0.0,0.6,1,4,0.0
0.0714285714285714,0.0,2,6,14.0
0.4,0.0,3,8,10.0
0.0,0.0,2,11,0.0
0.2777777777777778,0.0,4,14,0.0
0.0,0.0,0,16,0.0
0.3157894736842105,0.0,2,17,19.0
0.6666666666666666,0.0,3,20,0.0
0.2727272727272727,0.0,2,21,0.0
0.0,0.0,1,2,0.0
0.2777777777777778,0.0,3,3,0.0
0.1176470588235294,0.0,1,4,17.0
0.0769230769230769,0.0,7,6,13.0
0.1333333333333333,0.0,6,8,15.0
0.2727272727272727,0.0,10,14,0.0
0.0,0.0,10,17,2.0
0.4705882352941176,0.0,4,18,17.0
0.125,0.0,6,20,0.0
0.0,0.5,2,21,0.0
0.4,0.25,7,2,0.0
0.0,0.5555555555555556,1,4,0.0
0.0769230769230769,0.0,2,6,26.0
0.2777777777777778,0.0,6,8,18.0
0.3333333333333333,0.0,2,11,0.0
0.2857142857142857,0.125,7,14,0.0
0.0,1.0,1,16,0.0
0.25,0.0,3,17,28.0
0.6875,0.0,4,20,0.0
0.4285714285714285,0.0,4,21,0.0
0.03125,0.0,1,2,0.0
0.2666666666666666,0.2,4,3,0.0
0.125,0.0,7,6,24.0
0.0,0.0,1,7,5.0
0.0,0.0,2,11,0.0
0.25,0.0,12,14,0.0
0.2,0.0,1,15,5.0
0.5714285714285714,0.0,8,18,21.0
0.0909090909090909,0.0,6,20,0.0
0.0,0.75,2,21,0.0
0.4285714285714285,0.25,8,2,0.0
0.0,0.5555555555555556,1,4,0.0
0.064516129032258,0.0,2,6,31.0
0.25,0.0,7,8,24.0
0.4,0.0,4,11,0.0
0.25,0.1111111111111111,7,14,0.0
0.0,0.75,1,16,0.0
0.25,0.0,3,17,32.0
0.6086956521739131,0.0,6,20,0.0
0.4,0.0,7,21,0.0
0.0697674418604651,0.3333333333333333,2,2,0.0
0.25,0.2,4,3,0.0
0.1176470588235294,0.0,7,6,34.0
0.0,0.0,3,7,6.0
0.3571428571428571,0.0,3,11,0.0
0.0,0.0,0,13,0.0
0.2083333333333333,0.0,15,14,0.0
0.2,0.0,3,15,10.0
0.64,0.0,10,18,25.0
0.0227272727272727,0.6666666666666666,5,21,0.0
0.4,0.2,9,2,0.0
0.0,0.5555555555555556,1,4,0.0
0.0625,0.0,3,6,32.0
0.0,0.0,3,9,2.0
1.0,0.0,1,10,0.0
0.0,0.0,1,13,0.0
0.0,0.75,1,16,0.0
0.2162162162162162,0.0,3,17,37.0
0.56,0.0,8,20,0.0
0.0,0.0,4,22,1.0
0.25,0.0,3,3,4.0
0.25,0.0,2,4,4.0
0.0,1.0,2,5,0.0
0.3333333333333333,0.0,1,6,3.0
1.0,0.0,5,7,0.0
0.0,0.0,5,9,0.0
0.5,0.0,3,10,0.0
0.0,0.0,1,18,0.0
0.0,0.0,0,19,0.0
0.3333333333333333,0.0,3,22,3.0
0.0909090909090909,0.5,2,2,0.0
0.2857142857142857,0.3333333333333333,2,3,0.0
0.0,1.0,2,4,0.0
0.0555555555555555,1.0,2,5,0.0
0.3,0.0,1,6,10.0
1.0,0.0,1,9,0.0
0.5,0.0,2,10,0.0
0.7142857142857143,0.0,5,17,7.0
0.2307692307692307,0.0,3,18,13.0
0.4,0.0,4,20,10.0
0.25,0.0,4,3,4.0
0.25,0.0,3,4,8.0
0.1428571428571428,0.5,3,5,0.0
0.1428571428571428,0.0,2,6,7.0
1.0,0.0,9,7,0.0
0.0,0.0,9,9,0.0
0.5,0.0,9,10,0.0
0.0,0.0,1,18,0.0
0.0,0.0,0,19,0.0
0.375,0.0,6,22,8.0
0.1333333333333333,0.5,3,2,0.0
0.4166666666666667,0.25,4,3,0.0
0.0,0.5,4,4,0.0
0.0333333333333333,0.7142857142857143,4,5,0.0
0.2631578947368421,0.0,3,6,19.0
1.0,0.0,1,9,0.0
0.4444444444444444,0.0,2,10,0.0
0.5333333333333333,0.0,6,17,15.0
0.1739130434782608,0.0,5,18,23.0
0.4666666666666667,0.0,6,20,15.0
0.1666666666666666,0.0,7,3,12.0
0.2727272727272727,0.0,3,4,11.0
0.1666666666666666,0.75,5,5,0.0
0.1111111111111111,0.0,2,6,9.0
1.0,0.0,9,7,0.0
0.2,0.0,10,9,0.0
0.375,0.0,10,10,0.0
0.1111111111111111,0.0,3,18,0.0
0.0,0.5,2,19,0.0
0.375,0.0,10,22,16.0
0.2083333333333333,0.6666666666666666,3,2,0.0
0.375,0.4285714285714285,7,3,0.0
0.0,0.5,5,4,0.0
0.0285714285714285,0.7,4,5,0.0
0.25,0.0,3,6,24.0
1.0,0.0,3,9,0.0
0.5714285714285714,0.0,4,10,0.0
0.6363636363636364,0.0,8,17,22.0
0.3055555555555556,0.0,6,18,36.0
0.4615384615384615,0.0,9,20,26.0
0.3125,0.0,7,4,16.0
0.0666666666666666,0.0,4,6,15.0
0.6,0.0,10,7,0.0
0.0,0.0,1,8,0.0
0.4285714285714285,0.0,12,9,0.0
0.0,0.0,0,12,2.0
0.0769230769230769,0.0,5,18,0.0
0.0588235294117647,0.6666666666666666,4,19,0.0
0.25,0.0,3,20,4.0
0.2571428571428571,0.75,6,2,0.0
0.4117647058823529,0.375,8,3,0.0
0.0512820512820512,0.5,5,4,0.0
0.0256410256410256,0.6363636363636364,6,5,0.0
0.2352941176470588,0.0,5,6,34.0
0.7142857142857143,0.0,5,9,0.0
0.5,0.0,7,10,0.0
0.6666666666666666,0.0,9,17,30.0
0.3555555555555555,0.0,7,18,45.0
0.5609756097560976,0.0,11,20,41.0
0.2631578947368421,0.0,9,4,19.0
0.2,0.0,5,6,20.0
0.6,0.0,10,7,0.0
0.0,0.0,2,8,0.0
0.5,0.0,16,9,0.0
0.4,0.0,5,12,5.0
0.3333333333333333,0.0,3,13,3.0
0.1176470588235294,0.0,6,18,0.0
0.0384615384615384,0.6666666666666666,6,19,0.0
0.5,0.0,6,20,10.0
0.238095238095238,0.8,7,2,0.0
0.0465116279069767,0.5,6,4,0.0
0.0227272727272727,0.6666666666666666,6,5,0.0
0.2,0.0,5,6,40.0
0.0,0.0,2,7,3.0
0.4583333333333333,0.0,8,10,0.0
0.0,0.0,0,13,0.0
0.320754716981132,0.0,8,18,53.0
0.0,0.0,3,19,0.0
0.5434782608695652,0.0,15,20,46.0
0.1666666666666666,0.0,3,5,0.0
0.2142857142857142,0.0,0,6,14.0
0.0,0.0,3,11,3.0
0.25,0.0,2,13,4.0
0.1578947368421052,0.25,0,14,0.0
0.0,0.0,0,15,0.0
0.0,0.0,0,17,0.0
0.25,0.0,2,18,4.0
0.125,0.0,1,20,8.0
1.0,0.0,2,22,0.0
0.0,0.0,1,2,0.0
0.0,0.0,0,3,0.0
0.0,0.5,0,5,0.0
0.0,0.0,5,7,0.0
0.1428571428571428,0.0,1,8,7.0
0.0,0.0,0,10,0.0
0.0,0.5,3,13,0.0
0.0,0.0,4,16,7.0
0.0,0.0,3,17,0.0
0.2,0.25,1,18,0.0
0.2,0.0,3,5,0.0
0.1578947368421052,0.0,1,6,19.0
0.6666666666666666,0.0,7,11,9.0
0.3333333333333333,0.0,6,13,6.0
0.1304347826086956,0.1428571428571428,3,14,0.0
0.0,0.0,1,15,0.0
0.032258064516129,0.0,3,17,0.0
0.2,0.0,3,18,5.0
0.1538461538461538,0.0,2,20,13.0
1.0,0.0,6,22,0.0
0.0,1.0,2,2,0.0
0.0,1.0,1,3,0.0
0.125,0.5,3,5,0.0
0.125,0.0,6,7,0.0
0.1111111111111111,0.0,1,8,9.0
0.0,0.0,3,10,0.0
0.0,0.5,4,13,0.0
0.0,0.0,4,16,14.0
0.0,0.0,4,17,0.0
0.1111111111111111,0.25,3,18,0.0
0.2857142857142857,0.25,6,5,0.0
0.1470588235294117,0.0,3,6,34.0
0.7333333333333333,0.0,11,11,15.0
0.3846153846153846,0.0,8,13,13.0
0.1714285714285714,0.1111111111111111,3,14,0.0
0.0,0.0,1,15,0.0
0.0232558139534883,0.6666666666666666,4,17,0.0
0.2777777777777778,0.0,3,18,18.0
0.1851851851851851,0.0,4,20,27.0
0.5714285714285714,0.0,9,22,0.0
0.0,1.0,3,2,0.0
0.0,0.3333333333333333,3,3,0.0
0.1538461538461538,0.6666666666666666,5,5,0.0
0.1818181818181818,0.0,7,7,0.0
0.0714285714285714,0.0,2,8,14.0
0.1428571428571428,0.0,4,10,0.0
0.0,0.5,6,13,0.0
0.0,0.0,7,16,25.0
0.0,0.0,7,17,0.0
0.0769230769230769,0.25,4,18,0.0
0.2916666666666667,0.25,8,5,0.0
0.1463414634146341,0.0,3,6,41.0
0.7,0.0,13,11,20.0
0.4210526315789473,0.0,12,13,19.0
0.2083333333333333,0.1,6,14,0.0
0.0,0.0,2,15,0.0
0.0612244897959183,0.6666666666666666,6,17,0.0
0.32,0.0,3,18,25.0
0.1764705882352941,0.0,7,20,34.0
0.5714285714285714,0.0,10,22,0.0
0.0526315789473684,1.0,3,2,0.0
0.0,0.0,2,4,0.0
0.2352941176470588,0.5,6,5,0.0
0.3888888888888889,0.0,12,7,0.0
0.1923076923076923,0.0,2,8,26.0
0.3,0.0,6,10,0.0
0.0555555555555555,0.5,9,13,0.0
0.5,0.0,12,17,0.0
0.1052631578947368,0.5,9,18,0.0
0.5,0.0,0,19,2.0
0.2592592592592592,0.25,9,5,0.0
1.0,0.0,2,9,0.0
0.0,0.0,1,12,1.0
0.2068965517241379,0.1666666666666666,8,14,0.0
0.0,0.0,4,15,0.0
0.0677966101694915,0.6666666666666666,7,17,0.0
0.2432432432432432,0.0,3,18,37.0
0.1707317073170731,0.0,9,20,41.0
0.125,0.0,0,21,8.0
0.6666666666666666,0.0,14,22,0.0
0.0454545454545454,0.5,4,2,0.0
0.0,0.0,3,4,0.0
0.1904761904761904,0.5,7,5,0.0
0.1666666666666666,0.0,1,6,6.0
0.3478260869565217,0.0,14,7,0.0
0.2307692307692307,0.0,6,10,0.0
0.12,0.5,13,13,0.0
0.5714285714285714,0.0,13,17,0.0
0.1111111111111111,0.5,14,18,0.0
0.2,0.0,2,19,5.0
0.0,0.5,1,5,0.0
0.0,0.0,3,6,0.0
0.5,0.0,1,7,4.0
0.5555555555555556,0.0,2,8,9.0
1.0,0.0,1,9,0.0
1.0,0.0,2,10,1.0
0.2857142857142857,0.0,2,11,0.0
0.6,0.25,4,16,0.0
0.6666666666666666,0.0,2,19,3.0
0.2857142857142857,0.0,3,20,7.0
0.0833333333333333,0.0,2,2,0.0
0.0,1.0,2,4,0.0
0.6,0.0,5,5,0.0
0.0,0.0,3,6,0.0
0.6666666666666666,0.0,7,7,0.0
0.125,0.0,2,10,8.0
0.5,0.0,2,11,4.0
0.6666666666666666,0.0,3,17,0.0
0.4285714285714285,0.25,2,21,0.0
0.2727272727272727,0.0,3,22,11.0
0.0,0.6666666666666666,2,5,0.0
0.0,0.0,4,6,0.0
0.25,0.0,2,7,8.0
0.3333333333333333,0.0,4,8,18.0
0.2,0.0,1,9,0.0
0.2,0.0,3,10,5.0
0.1428571428571428,0.0,2,11,0.0
0.375,0.1666666666666666,6,16,0.0
0.3333333333333333,0.0,3,19,9.0
0.2222222222222222,0.0,4,20,9.0
0.0952380952380952,1.0,2,2,0.0
0.0625,0.6666666666666666,2,4,0.0
0.5,0.0,7,5,0.0
0.0,0.0,5,6,0.0
0.5384615384615384,0.0,8,7,0.0
0.1333333333333333,0.0,3,10,15.0
0.3571428571428571,0.0,3,11,14.0
0.7142857142857143,0.0,5,17,0.0
0.3529411764705882,0.3333333333333333,3,21,0.0
0.2916666666666667,0.0,3,22,24.0
0.0,0.5,3,5,0.0
0.0,0.0,4,6,0.0
0.25,0.0,4,7,12.0
0.2333333333333333,0.0,4,8,30.0
0.4,0.0,2,9,0.0
0.1666666666666666,0.0,4,10,12.0
0.1363636363636363,0.25,4,11,0.0
0.32,0.2857142857142857,7,16,0.0
0.3529411764705882,0.0,5,19,17.0
0.1538461538461538,0.0,8,20,13.0
0.074074074074074,1.0,2,2,0.0
0.0526315789473684,0.5,4,4,0.0
0.4375,0.0,9,5,0.0
0.1666666666666666,0.0,8,6,0.0
0.5625,0.0,10,7,0.0
0.1818181818181818,0.0,5,10,22.0
0.2857142857142857,0.0,3,11,21.0
0.7777777777777778,0.0,9,17,0.0
0.3181818181818182,0.3333333333333333,5,21,0.0
0.3235294117647059,0.0,3,22,34.0
0.0769230769230769,0.0,3,4,0.0
0.0,0.5,4,5,0.0
0.0,0.0,4,6,0.0
0.25,0.0,4,7,16.0
0.1891891891891892,0.0,4,8,37.0
0.3333333333333333,0.0,4,9,0.0
0.25,0.2222222222222222,11,16,0.0
0.0,0.0,3,17,3.0
0.2727272727272727,0.0,7,19,22.0
0.0,0.0,0,21,10.0
0.0588235294117647,1.0,3,2,0.0
0.04,0.6,5,4,0.0
0.4761904761904761,0.0,14,5,0.0
0.4545454545454545,0.0,12,6,0.0
0.5789473684210527,0.0,11,7,0.0
0.1666666666666666,0.0,6,10,30.0
0.0,0.0,0,14,2.0
1.0,0.0,0,15,0.0
0.2857142857142857,0.3333333333333333,9,21,0.0
0.2608695652173913,0.0,4,22,46.0
0.1578947368421052,0.2,4,4,0.0
0.0192307692307692,0.5,5,5,0.0
0.0,0.1666666666666666,4,6,0.0
0.25,0.0,7,7,16.0
0.4,0.0,4,9,0.0
0.2195121951219512,0.2222222222222222,13,16,0.0
0.0,0.0,5,17,11.0
0.0,0.0,3,18,0.0
0.3571428571428571,0.0,11,19,28.0
0.0,0.0,0,21,15.0
0.0454545454545454,1.0,4,2,0.0
0.0634920634920634,0.6666666666666666,7,4,0.0
0.5333333333333333,0.0,19,5,0.0
0.5714285714285714,0.0,13,7,0.0
0.0,0.0,1,8,4.0
0.1428571428571428,0.0,1,14,7.0
0.8333333333333334,0.0,4,15,0.0
0.0,0.0,0,18,0.0
0.3684210526315789,0.4285714285714285,14,21,0.0
0.3392857142857143,0.0,5,22,56.0
0.0,0.5,3,3,0.0
0.125,0.0,1,5,16.0
0.875,0.0,3,8,0.0
0.0,0.0,3,10,0.0
0.1428571428571428,0.0,1,12,0.0
0.0,0.25,0,14,0.0
0.0625,0.0,1,15,16.0
0.3,0.0,3,18,10.0
0.3076923076923077,0.6666666666666666,4,19,0.0
0.0666666666666666,0.5714285714285714,2,23,0.0
0.0,0.6666666666666666,0,2,0.0
0.0,0.0,2,3,0.0
0.0,0.3333333333333333,0,4,0.0
0.0,0.0,0,6,6.0
0.0,0.0,1,7,0.0
0.4,0.0,0,11,5.0
0.2222222222222222,0.0,2,15,9.0
0.0,0.0,3,18,1.0
0.3333333333333333,0.0,2,20,0.0
0.0,0.0,3,22,0.0
0.0666666666666666,0.4545454545454545,3,3,0.0
0.1363636363636363,0.0,2,5,22.0
0.65,0.0,4,8,0.0
0.4285714285714285,0.0,6,10,0.0
0.2307692307692307,0.0,3,12,0.0
0.0,0.5714285714285714,0,14,0.0
0.05,0.0,1,15,20.0
0.3571428571428571,0.0,5,18,14.0
0.391304347826087,0.4444444444444444,6,19,0.0
0.125,0.5714285714285714,3,23,0.0
0.0588235294117647,0.6666666666666666,2,2,0.0
0.1,0.5,3,3,0.0
0.0,0.5,3,4,0.0
0.1111111111111111,0.0,0,6,9.0
0.0909090909090909,0.0,3,7,0.0
0.625,0.0,1,11,8.0
0.3333333333333333,0.0,2,15,18.0
0.5,0.0,6,18,6.0
0.25,0.0,2,20,0.0
0.125,0.0,4,22,0.0
0.073170731707317,0.4166666666666667,4,3,0.0
0.1724137931034483,0.0,2,5,29.0
0.625,0.0,8,8,0.0
0.3636363636363636,0.0,9,10,0.0
0.2857142857142857,0.0,3,12,0.0
0.0,0.5,0,14,0.0
0.0476190476190476,0.0,1,15,21.0
0.375,0.0,8,18,16.0
0.4285714285714285,0.4,11,19,0.0
0.1333333333333333,0.5,3,23,0.0
0.03125,0.5,4,2,0.0
0.1153846153846153,0.6666666666666666,4,3,0.0
0.0416666666666666,0.5555555555555556,6,4,0.0
0.238095238095238,0.0,2,6,21.0
0.3636363636363636,0.0,5,7,0.0
0.7142857142857143,0.0,2,11,14.0
0.375,0.0,3,15,24.0
0.7647058823529411,0.0,8,18,17.0
0.5384615384615384,0.0,3,20,0.0
0.32,1.0,6,22,0.0
0.1515151515151515,0.0,2,5,33.0
0.5769230769230769,0.0,12,8,0.0
0.0,0.0,0,9,0.0
0.3333333333333333,0.0,11,10,0.0
0.5,0.0,2,11,0.0
0.0,0.5,1,14,0.0
0.0,0.0,4,17,5.0
0.40625,0.4,12,19,0.0
0.1052631578947368,0.5,5,23,0.0
0.025,0.5,6,2,0.0
0.1578947368421052,0.5555555555555556,5,3,0.0
0.0526315789473684,0.4545454545454545,8,4,0.0
0.3513513513513513,0.0,2,6,37.0
0.4482758620689655,0.0,5,7,0.0
0.1333333333333333,0.0,0,8,15.0
0.75,0.0,2,11,24.0
0.7586206896551724,0.0,9,18,29.0
0.6,0.0,5,20,0.0
0.3055555555555556,1.0,10,22,0.0
0.0566037735849056,0.4615384615384615,5,3,0.0
0.1891891891891892,0.0,2,5,37.0
0.6,0.0,14,8,0.0
0.25,0.0,2,9,0.0
0.3333333333333333,0.0,14,10,0.0
0.8,0.0,5,11,0.0
0.0,0.5555555555555556,1,14,0.0
0.0833333333333333,0.0,6,17,12.0
0.4285714285714285,0.4,14,19,0.0
0.1428571428571428,0.4666666666666667,5,23,0.0
0.0227272727272727,0.4285714285714285,8,2,0.0
0.1627906976744186,0.5454545454545454,7,3,0.0
0.0434782608695652,0.4166666666666667,9,4,0.0
0.325,0.0,5,6,40.0
0.4516129032258064,0.0,6,7,0.0
0.0833333333333333,0.0,0,8,24.0
0.0,0.0,2,13,0.0
0.0,0.0,3,16,0.0
0.0,0.0,1,17,0.0
0.75,0.0,11,18,32.0
0.1818181818181818,0.0,4,2,0.0
0.1428571428571428,0.0,3,3,7.0
0.05,0.1428571428571428,3,4,0.0
0.25,0.4,4,5,0.0
0.25,0.0,5,7,0.0
0.0,0.0,1,10,5.0
1.0,0.0,1,11,0.0
0.0,1.0,2,13,0.0
0.0,0.0,4,19,0.0
0.4,0.0,5,22,5.0
0.0769230769230769,0.25,3,2,0.0
0.1111111111111111,0.0,1,3,0.0
0.0,0.7142857142857143,1,4,0.0
0.0,0.0,5,8,9.0
0.3333333333333333,0.0,5,9,0.0
0.3333333333333333,0.0,5,11,0.0
0.0,0.0,1,16,0.0
0.2222222222222222,0.0,2,17,9.0
0.2857142857142857,0.0,3,21,0.0
0.5,0.0,1,22,0.0
0.1176470588235294,0.0,4,2,0.0
0.0526315789473684,0.0,3,3,19.0
0.024390243902439,0.0909090909090909,6,4,0.0
0.25,0.3333333333333333,7,5,0.0
0.6363636363636364,0.0,7,7,0.0
0.1111111111111111,0.0,2,10,9.0
0.7142857142857143,0.0,1,11,0.0
0.0,0.3333333333333333,3,13,0.0
0.2,0.0,7,19,0.0
0.3636363636363636,0.0,7,22,11.0
0.1578947368421052,0.125,4,2,0.0
0.0909090909090909,0.0,4,3,0.0
0.0,0.6666666666666666,2,4,0.0
0.05,0.0,7,8,20.0
0.5714285714285714,0.0,6,9,0.0
0.25,0.0,11,11,0.0
0.0,0.0,1,16,0.0
0.1818181818181818,0.0,3,17,11.0
0.2727272727272727,0.0,7,21,0.0
0.25,0.0,2,22,0.0
0.0833333333333333,0.2857142857142857,4,2,0.0
0.0357142857142857,0.0,4,3,28.0
0.02,0.1666666666666666,6,4,0.0
0.2916666666666667,0.3333333333333333,10,5,0.0
0.5714285714285714,0.0,8,7,0.0
0.0909090909090909,0.0,2,10,11.0
0.7,0.0,4,11,0.0
0.0,0.3333333333333333,3,13,0.0
0.1428571428571428,0.0,10,19,0.0
0.375,0.0,10,22,16.0
0.1666666666666666,0.2142857142857142,6,2,0.0
0.1111111111111111,0.3333333333333333,5,3,0.0
0.0,0.6,3,4,0.0
0.0689655172413793,0.0,7,8,29.0
0.4615384615384615,0.0,8,9,0.0
0.1428571428571428,0.0,12,11,0.0
0.0,0.0,1,16,0.0
0.1111111111111111,0.0,6,17,27.0
0.2857142857142857,0.0,8,21,0.0
0.25,0.0,4,22,0.0
0.125,0.3333333333333333,5,2,0.0
0.03125,0.0,5,3,32.0
0.0175438596491228,0.1538461538461538,8,4,0.0
0.3333333333333333,0.3636363636363636,15,5,0.0
0.625,0.0,10,7,0.0
0.0714285714285714,0.0,5,10,14.0
0.6153846153846154,0.0,6,11,0.0
0.0,0.3333333333333333,5,13,0.0
0.3333333333333333,0.0,17,19,0.0
0.3,0.0,13,22,20.0
0.1956521739130435,0.2352941176470588,7,2,0.0
0.1304347826086956,0.3333333333333333,7,3,0.0
0.0333333333333333,0.6470588235294118,5,4,0.0
0.1081081081081081,0.0,9,8,37.0
0.3684210526315789,0.0,12,9,0.0
0.4615384615384615,0.0,17,11,0.0
0.0,0.25,3,16,0.0
0.1081081081081081,0.0,8,17,37.0
0.4,0.0,11,21,0.0
0.3636363636363636,0.0,5,22,0.0
0.1,0.3,6,2,0.0
0.0571428571428571,0.0,5,3,35.0
0.0151515151515151,0.2,9,4,0.0
0.3142857142857143,0.4285714285714285,16,5,0.0
0.0,0.0,0,6,0.0
0.0476190476190476,0.0,8,10,21.0
0.65,0.0,9,11,0.0
0.0,0.4285714285714285,7,13,0.0
0.3333333333333333,0.0,19,19,0.0
0.2641509433962264,0.2352941176470588,9,2,0.0
0.0533333333333333,0.6666666666666666,6,4,0.0
0.4090909090909091,0.0,17,9,0.0
0.5,0.0,2,10,0.0
0.0166666666666666,0.4,3,16,0.0
0.1224489795918367,0.0,9,17,49.0
0.0,0.0,0,18,0.0
0.7272727272727273,0.0,0,19,0.0
0.4230769230769231,0.0,14,21,0.0
0.0,0.0,0,17,0.0
0.6666666666666666,0.0,1,14,0.0
0.0,0.0,1,4,0.0
0.0416666666666666,0.5,2,5,0.0
0.0,0.0,0,8,12.0
0.0,0.0,2,9,0.0
0.5,0.0,2,11,2.0
0.0,0.1666666666666666,1,16,0.0
0.1818181818181818,0.0,0,17,0.0
0.25,0.0,3,19,4.0
0.1176470588235294,0.0,1,20,17.0
0.2857142857142857,0.0,1,21,7.0
0.3333333333333333,0.0,4,7,3.0
0.0,0.0,2,8,7.0
0.0,0.0,3,11,0.0
0.1,0.25,0,13,0.0
0.0,0.6666666666666666,0,14,0.0
0.0,0.6,1,15,0.0
0.0,0.0,3,16,3.0
0.3333333333333333,0.0,2,19,0.0
0.0,0.0,4,21,0.0
0.0,0.0,2,22,0.0
0.032258064516129,0.0,2,4,0.0
0.0238095238095238,0.3333333333333333,3,5,0.0
0.1290322580645161,0.0,2,8,31.0
0.6666666666666666,0.0,4,9,0.0
0.3333333333333333,0.0,5,11,6.0
0.1764705882352941,0.2727272727272727,2,16,0.0
0.2666666666666666,0.0,2,17,0.0
0.2727272727272727,0.0,3,19,11.0
0.1111111111111111,0.0,2,20,27.0
0.3636363636363636,0.0,3,21,11.0
0.5,0.0,8,7,8.0
0.0714285714285714,0.0,5,8,14.0
0.0,0.0,4,11,3.0
0.1333333333333333,0.4,2,13,0.0
0.0,0.5,0,14,0.0
0.0,0.5,1,15,0.0
0.1111111111111111,0.0,3,16,9.0
0.4,0.0,5,19,0.0
0.0,0.2,5,21,0.0
0.2,0.0,3,22,0.0
0.1041666666666666,0.2222222222222222,3,4,0.0
0.0166666666666666,0.4,3,5,0.0
0.1489361702127659,0.0,5,8,47.0
0.7142857142857143,0.0,6,9,0.0
0.4444444444444444,0.0,6,11,9.0
0.1111111111111111,0.2352941176470588,4,16,0.0
0.4615384615384615,0.1428571428571428,3,17,0.0
0.3157894736842105,0.0,4,19,19.0
0.1578947368421052,0.0,6,20,38.0
0.3333333333333333,0.0,5,21,21.0
0.5384615384615384,0.0,14,7,13.0
0.1111111111111111,0.0,8,8,18.0
0.0,0.0,8,11,4.0
0.1818181818181818,0.4285714285714285,4,13,0.0
0.0,0.4,0,14,0.0
0.0,0.5,2,15,0.0
0.1666666666666666,0.0,4,16,12.0
0.25,0.0,6,19,0.0
0.1538461538461538,0.375,7,21,0.0
0.25,0.0,4,22,0.0
0.140625,0.3333333333333333,5,4,0.0
0.0131578947368421,0.2857142857142857,7,5,0.0
0.203125,0.0,7,8,64.0
0.7142857142857143,0.0,1,10,7.0
0.6111111111111112,0.0,12,11,18.0
0.2222222222222222,0.0,2,12,0.0
0.1914893617021276,0.2352941176470588,7,16,0.0
0.0,0.0,8,18,0.0
0.1555555555555555,0.0,9,20,45.0
0.4482758620689655,0.0,5,21,29.0
0.4444444444444444,0.0,20,7,18.0
0.1111111111111111,0.0,10,8,27.0
0.0,0.0,8,11,8.0
0.1724137931034483,0.4285714285714285,4,13,0.0
0.0,0.5,2,14,0.0
0.0222222222222222,0.5555555555555556,2,15,0.0
0.238095238095238,0.0,6,16,21.0
0.2727272727272727,0.0,9,19,0.0
0.238095238095238,0.375,10,21,0.0
0.4166666666666667,0.0,8,22,0.0
0.1481481481481481,0.3333333333333333,6,4,0.0
0.0219780219780219,0.2857142857142857,8,5,0.0
0.3333333333333333,0.0,2,7,3.0
0.625,0.0,2,10,16.0
0.6086956521739131,0.0,12,11,23.0
0.3529411764705882,0.0,5,12,0.0
0.1833333333333333,0.2352941176470588,10,16,0.0
0.3333333333333333,0.0,9,18,0.0
0.1481481481481481,0.0,11,20,54.0
0.125,0.0,0,23,8.0
0.3809523809523809,0.0,22,7,21.0
0.1,0.0,16,8,30.0
0.1818181818181818,0.0,9,11,11.0
0.15625,0.4285714285714285,4,13,0.0
0.0,0.6666666666666666,2,14,0.0
0.2,0.0,8,16,25.0
0.2727272727272727,0.0,12,19,0.0
0.2,0.5,12,21,0.0
0.4,0.0,9,22,0.0
0.3333333333333333,0.0,2,2,0.0
0.0,0.5,0,3,0.0
0.0,0.0,1,4,0.0
0.125,0.0,2,6,8.0
0.125,0.0,2,7,8.0
0.0,0.0,1,8,2.0
0.0,0.0,3,11,0.0
0.0,0.0,1,13,0.0
0.5,0.0,3,17,4.0
0.3333333333333333,0.0,2,18,6.0
0.0,0.3333333333333333,2,2,0.0
0.0,0.0,1,3,8.0
0.0,0.2,1,4,0.0
0.125,0.6666666666666666,2,5,0.0
0.4,0.0,2,7,5.0
0.1,0.0,2,10,10.0
0.5,0.0,2,11,2.0
0.0,1.0,1,13,0.0
0.0,0.0,4,19,0.0
0.1666666666666666,0.0,1,22,6.0
0.2608695652173913,0.5,4,2,0.0
0.0,0.5,0,3,0.0
0.0,0.5,1,4,0.0
0.1851851851851851,0.0,3,6,27.0
0.217391304347826,0.0,2,7,23.0
0.375,0.0,1,8,8.0
0.0,0.0,4,11,0.0
0.1538461538461538,0.0,1,13,0.0
0.75,0.0,3,17,12.0
0.3846153846153846,0.0,2,18,13.0
0.0769230769230769,0.0,1,3,13.0
0.0416666666666666,0.2857142857142857,1,4,0.0
0.0666666666666666,0.6666666666666666,3,5,0.0
0.5,0.0,3,7,6.0
0.1,0.0,2,10,10.0
0.2,0.0,5,19,0.0
0.1666666666666666,0.0,1,22,6.0
0.3125,0.5,5,2,0.0
0.0277777777777777,0.5,1,3,0.0
0.0,0.5,2,4,0.0
0.3043478260869565,0.0,3,6,46.0
0.375,0.0,5,7,48.0
0.3333333333333333,0.0,1,8,15.0
0.5,0.0,4,11,0.0
0.3703703703703703,0.1428571428571428,2,13,0.0
0.7692307692307693,0.0,4,17,26.0
0.56,0.0,4,18,25.0
0.0,0.25,3,2,0.0
0.1176470588235294,0.0,1,3,17.0
0.0333333333333333,0.2857142857142857,1,4,0.0
0.15,0.6666666666666666,3,5,0.0
0.5555555555555556,0.0,6,7,9.0
0.0625,0.0,2,10,16.0
0.3333333333333333,0.0,7,19,0.0
0.25,0.0,2,22,8.0
0.3230769230769231,0.4,9,2,0.0
0.0192307692307692,0.5,1,3,0.0
0.0151515151515151,0.5,3,4,0.0
0.4142857142857143,0.0,4,6,70.0
0.4067796610169492,0.0,7,7,59.0
0.5,0.0,1,8,26.0
0.6666666666666666,0.0,2,9,0.0
0.4565217391304347,0.1,4,13,0.0
0.725,0.0,7,17,40.0
0.5757575757575758,0.0,4,18,33.0
0.0833333333333333,0.4,4,2,0.0
0.0909090909090909,0.0,2,3,22.0
0.032258064516129,0.2857142857142857,2,4,0.0
0.1428571428571428,0.5,7,5,0.0
0.6153846153846154,0.0,10,7,13.0
0.1052631578947368,0.0,4,10,19.0
0.0,0.75,3,13,0.0
0.0,0.0,1,15,0.0
0.2222222222222222,0.0,10,19,0.0
0.3243243243243243,0.4,11,2,0.0
0.0153846153846153,0.5,1,3,0.0
0.0240963855421686,0.3333333333333333,4,4,0.0
0.3820224719101123,0.0,6,6,89.0
0.4078947368421052,0.0,9,7,76.0
0.75,0.0,4,9,0.0
0.3809523809523809,0.1818181818181818,6,13,0.0
0.6875,0.0,9,17,48.0
0.55,0.0,4,18,40.0
0.9,0.0,3,20,10.0
0.074074074074074,0.4,6,2,0.0
0.0869565217391304,0.0,2,3,23.0
0.0294117647058823,0.2857142857142857,5,4,0.0
0.1923076923076923,0.5,7,5,0.0
0.6428571428571429,0.0,12,7,14.0
0.15,0.0,4,10,20.0
0.0,0.75,3,13,0.0
0.0,0.0,3,15,0.0
0.1818181818181818,0.0,12,19,0.0
0.0,0.5,4,2,0.0
0.0,0.8333333333333334,2,3,0.0
0.0,1.0,2,4,0.0
0.0,1.0,1,13,0.0
0.0,0.0,3,18,7.0
0.1818181818181818,0.0,2,17,11.0
0.0,0.0,5,6,7.0
0.8571428571428571,0.0,2,7,7.0
0.0,0.0,5,9,0.0
0.0,0.0,2,20,7.0
0.4444444444444444,0.0,3,3,0.0
0.0,1.0,1,2,0.0
0.0,1.0,1,4,0.0
0.1111111111111111,0.25,1,19,0.0
0.25,0.0,1,8,4.0
0.2727272727272727,0.0,0,6,11.0
0.1428571428571428,0.0,2,18,14.0
1.0,0.0,5,10,3.0
1.0,0.0,2,7,0.0
0.5,0.0,4,21,2.0
0.1428571428571428,0.5,5,2,0.0
0.0,0.75,3,3,0.0
0.0,0.8,2,4,0.0
0.0,1.0,2,13,0.0
0.0833333333333333,0.0,4,18,12.0
0.125,0.0,6,6,8.0
0.7777777777777778,0.0,2,7,9.0
1.0,0.0,8,9,0.0
0.125,0.0,3,20,8.0
0.4,0.2,5,3,0.0
0.0294117647058823,0.5,3,2,0.0
0.064516129032258,1.0,2,4,0.0
0.0416666666666666,0.1666666666666666,1,19,0.0
0.1428571428571428,0.0,1,8,7.0
0.1818181818181818,0.0,1,6,22.0
0.16,0.0,2,18,25.0
1.0,0.0,7,10,7.0
1.0,0.0,3,7,0.0
0.3333333333333333,0.0,5,21,9.0
0.0952380952380952,0.6,7,2,0.0
0.0,0.6666666666666666,3,3,0.0
0.0,0.6666666666666666,2,4,0.0
0.0,1.0,2,13,0.0
0.0769230769230769,0.0,7,18,13.0
0.0909090909090909,0.0,2,17,22.0
0.1111111111111111,0.0,7,6,9.0
0.4666666666666667,0.0,3,7,15.0
0.2,0.0,9,9,0.0
0.1111111111111111,0.0,3,20,9.0
0.5666666666666667,0.1111111111111111,7,3,0.0
0.0769230769230769,0.4444444444444444,3,2,0.0
0.0454545454545454,1.0,2,4,0.0
0.0555555555555555,0.375,2,19,0.0
0.25,0.0,3,8,12.0
0.1621621621621621,0.0,1,6,37.0
0.1707317073170731,0.0,3,18,41.0
0.8571428571428571,0.0,7,10,14.0
1.0,0.0,3,7,0.0
0.3333333333333333,0.0,8,21,15.0
0.0714285714285714,0.5,7,2,0.0
0.0,0.7,4,3,0.0
0.0,0.6666666666666666,2,4,0.0
0.1,1.0,4,13,0.0
0.0588235294117647,0.0,9,18,17.0
0.1071428571428571,0.0,2,17,28.0
0.1176470588235294,0.0,11,6,17.0
0.4545454545454545,0.0,4,7,22.0
0.375,0.0,13,9,0.0
0.2307692307692307,0.0,6,20,13.0
0.5348837209302325,0.0909090909090909,7,3,0.0
0.0597014925373134,0.4,4,2,0.0
0.0384615384615384,1.0,4,4,0.0
0.1041666666666666,0.3,3,19,0.0
0.2666666666666666,0.0,3,8,15.0
0.2040816326530612,0.0,1,6,49.0
0.2105263157894736,0.0,4,18,57.0
0.8095238095238095,0.0,8,10,21.0
1.0,0.0,4,7,0.0
0.45,0.0,11,21,20.0
0.1333333333333333,0.5,7,2,0.0
0.0,0.7,4,3,0.0
0.0,0.75,2,4,0.0
0.0769230769230769,1.0,4,13,0.0
0.0588235294117647,0.0,11,18,17.0
0.09375,0.0,3,17,32.0
0.1,0.0,13,6,20.0
0.0,0.0,0,8,1.0
0.25,0.0,5,10,0.0
0.0,0.0,0,11,0.0
0.5102040816326531,0.0909090909090909,8,3,0.0
0.0533333333333333,0.4,5,2,0.0
0.0307692307692307,1.0,4,4,0.0
0.1746031746031746,0.3846153846153846,5,19,0.0
0.3888888888888889,0.0,5,8,18.0
0.2666666666666666,0.0,2,6,60.0
0.2307692307692307,0.0,6,18,65.0
0.7692307692307693,0.0,9,10,26.0
1.0,0.0,4,7,0.0
0.0,0.0,0,22,0.0
0.0,1.0,2,2,0.0
0.5,0.0,2,3,0.0
0.0,0.0,0,4,0.0
0.0,0.0,1,6,3.0
1.0,0.0,2,7,2.0
0.5,0.0,1,10,0.0
0.0,0.0,0,14,0.0
0.1666666666666666,0.0,1,18,6.0
1.0,0.0,3,19,0.0
0.5,0.0,3,20,2.0
0.0,0.5,1,2,0.0
0.5,0.0,3,3,0.0
0.5,0.0,3,5,0.0
0.25,0.0,1,7,0.0
0.4,0.0,1,8,5.0
1.0,0.0,2,9,0.0
0.5,0.0,4,10,0.0
0.0,0.0,2,17,0.0
0.5,0.0,2,18,8.0
0.0,0.0,0,19,3.0
0.0,0.5,3,2,0.0
0.3333333333333333,0.0,3,3,0.0
0.0,1.0,1,4,0.0
0.0,0.0,3,6,12.0
1.0,0.0,6,7,2.0
0.3333333333333333,0.0,1,10,0.0
0.0,0.5,2,14,0.0
0.0769230769230769,0.0,2,18,13.0
0.4,0.0,3,19,0.0
0.25,0.0,5,20,4.0
0.0,0.4,2,2,0.0
0.625,0.1,6,3,0.0
0.6363636363636364,0.125,6,5,0.0
0.4285714285714285,0.0,2,7,0.0
0.5,0.0,3,8,8.0
1.0,0.0,5,9,0.0
0.4285714285714285,0.0,5,10,0.0
0.0,0.4,2,17,0.0
0.4736842105263157,0.0,2,18,19.0
0.1,0.0,0,19,10.0
0.0,0.5,5,2,0.0
0.3333333333333333,0.2,5,3,0.0
0.0,1.0,1,4,0.0
0.0588235294117647,0.0,4,6,17.0
0.75,0.0,9,7,4.0
0.2,0.0,1,10,0.0
0.0,0.4,2,14,0.0
0.0869565217391304,0.0,3,18,23.0
0.25,0.0,4,19,0.0
0.375,0.0,6,20,8.0
0.03125,0.4,4,2,0.0
0.6551724137931034,0.1,10,3,0.0
0.6111111111111112,0.0909090909090909,8,5,0.0
0.4,0.0,2,7,0.0
0.4666666666666667,0.0,5,8,15.0
1.0,0.0,5,9,0.0
0.4545454545454545,0.0,6,10,0.0
0.0,0.5714285714285714,6,17,0.0
0.4166666666666667,0.0,2,18,24.0
0.1764705882352941,0.0,3,19,17.0
0.0,0.5,6,2,0.0
0.2758620689655172,0.4444444444444444,6,3,0.0
0.0,1.0,1,4,0.0
0.0384615384615384,0.0,5,6,26.0
0.8333333333333334,0.0,12,7,6.0
0.5454545454545454,0.0,4,10,0.0
0.0,0.4,2,14,0.0
0.0666666666666666,0.0,5,18,30.0
0.2,0.0,6,19,0.0
0.2666666666666666,0.0,9,20,15.0
0.073170731707317,0.4285714285714285,6,2,0.0
0.5365853658536586,0.1666666666666666,16,3,0.0
0.5813953488372093,0.0833333333333333,10,5,0.0
0.5625,0.0,3,7,0.0
0.4117647058823529,0.0,7,8,17.0
0.5384615384615384,0.0,10,10,0.0
0.0,0.5714285714285714,12,17,0.0
0.3939393939393939,0.0,4,18,33.0
0.1666666666666666,0.0,7,19,24.0
0.0,0.0,4,22,0.0
0.0,0.6666666666666666,7,2,0.0
0.2972972972972973,0.4444444444444444,8,3,0.0
0.0,1.0,3,4,0.0
0.0303030303030303,0.0,6,6,33.0
0.0,0.0,2,8,0.0
0.4666666666666667,0.0,5,10,0.0
0.0,0.5,5,14,0.0
0.6666666666666666,0.0,3,17,3.0
0.0512820512820512,0.0,6,18,39.0
0.3333333333333333,0.0,13,20,21.0
0.06,0.4285714285714285,9,2,0.0
0.4893617021276595,0.1666666666666666,21,3,0.0
0.6041666666666666,0.2,11,5,0.0
0.5555555555555556,0.0,5,7,0.0
0.6666666666666666,0.0,2,11,0.0
0.0,0.625,13,17,0.0
0.3333333333333333,0.0,7,18,39.0
0.0,0.0,0,20,1.0
0.3333333333333333,0.0,5,21,3.0
0.0,0.0,7,22,0.0
0.1428571428571428,0.75,2,2,0.0
0.1538461538461538,0.0,0,3,0.0
0.0,0.0,0,4,0.0
0.0,0.5,2,5,0.0
0.2,0.0,1,6,10.0
0.5,0.0,2,9,0.0
0.6666666666666666,0.0,0,10,0.0
0.0,0.0,3,17,1.0
0.2727272727272727,0.0,1,18,11.0
0.2,0.0,3,20,5.0
0.0,0.0,1,2,4.0
0.1,0.0,3,3,10.0
0.0,0.0,2,4,3.0
0.0,0.5,1,5,0.0
0.1428571428571428,0.5,0,6,0.0
0.0,0.0,1,7,6.0
0.5,0.0,2,10,0.0
0.5,0.0,1,14,0.0
0.0,1.0,2,15,0.0
0.5,0.0,7,17,0.0
0.2222222222222222,0.5555555555555556,3,2,0.0
0.15,0.25,1,3,0.0
0.0,0.0,2,4,0.0
0.0,0.5,5,5,0.0
0.125,0.0,3,6,16.0
0.5714285714285714,0.0,2,9,0.0
0.8571428571428571,0.0,1,10,0.0
0.0,0.0,9,17,6.0
0.1428571428571428,0.0,2,18,21.0
0.5,0.0,6,20,10.0
0.0,0.0,3,2,10.0
0.3333333333333333,0.0,5,3,27.0
0.1428571428571428,0.0,3,4,14.0
0.0,0.5,3,5,0.0
0.1666666666666666,0.5,2,6,0.0
0.2631578947368421,0.0,7,7,19.0
0.625,0.0,6,10,0.0
0.3,0.0,2,14,0.0
0.0,1.0,3,15,0.0
0.6363636363636364,0.0,10,17,0.0
0.2068965517241379,0.5454545454545454,6,2,0.0
0.1428571428571428,0.2,1,3,0.0
0.0,0.0,3,4,0.0
0.0,0.5,5,5,0.0
0.1052631578947368,0.0,4,6,19.0
0.5555555555555556,0.0,4,9,0.0
0.7272727272727273,0.0,2,10,0.0
0.3,0.0,10,17,10.0
0.1,0.0,3,18,30.0
0.4166666666666667,0.0,8,20,12.0
0.2666666666666666,0.0,4,2,15.0
0.4054054054054054,0.0,9,3,37.0
0.1904761904761904,0.0,3,4,21.0
0.0,0.5,4,5,0.0
0.12,0.6,2,6,0.0
0.28,0.0,10,7,25.0
0.6666666666666666,0.0,7,10,0.0
0.3333333333333333,0.0,5,14,0.0
0.0,0.6666666666666666,5,15,0.0
0.7222222222222222,0.0,11,17,0.0
0.2105263157894736,0.5454545454545454,8,2,0.0
0.1,0.2,3,3,0.0
0.0,0.0,5,4,0.0
0.0217391304347826,0.5714285714285714,7,5,0.0
0.125,0.0,5,6,32.0
0.3846153846153846,0.0,5,9,0.0
0.5625,0.0,3,10,0.0
0.4166666666666667,0.0,12,17,12.0
0.0930232558139534,0.0,4,18,43.0
0.4615384615384615,0.0,11,20,13.0
0.3333333333333333,0.0,8,2,30.0
0.3725490196078431,0.0,10,3,51.0
0.2,0.0,4,4,35.0
0.0,0.5,5,5,0.0
0.0714285714285714,0.625,3,6,0.0
0.2857142857142857,0.0,12,7,35.0
0.6428571428571429,0.0,11,10,0.0
0.4210526315789473,0.0,6,14,0.0
0.0,0.5,5,15,0.0
0.6363636363636364,0.0,18,17,0.0
0.2040816326530612,0.5,10,2,0.0
0.1428571428571428,0.3333333333333333,6,3,0.0
0.0,0.0,5,4,0.0
0.0166666666666666,0.5,8,5,0.0
0.75,0.0,0,7,4.0
0.3333333333333333,0.0,1,8,3.0
0.5882352941176471,0.0,3,10,0.0
0.1481481481481481,0.0,4,18,54.0
0.0,0.0,0,19,0.0
0.3333333333333333,0.0,11,2,36.0
0.3571428571428571,0.0,10,3,56.0
0.1904761904761904,0.0,4,4,42.0
0.0,0.5,6,5,0.0
0.0652173913043478,0.5555555555555556,3,6,0.0
0.2682926829268293,0.0,13,7,41.0
1.0,0.0,1,8,1.0
0.65,0.0,11,10,0.0
0.4285714285714285,0.0,8,14,0.0
0.0,0.6,5,15,0.0
0.2,0.5333333333333333,11,2,0.0
0.1590909090909091,0.4444444444444444,7,3,0.0
0.0,0.0,6,4,0.0
0.0512820512820512,0.6,9,5,0.0
0.1320754716981132,0.0,5,6,53.0
0.5,0.0,2,7,12.0
0.5,0.0,5,8,10.0
0.5555555555555556,0.0,4,10,0.0
0.171875,0.0,5,18,64.0
0.0,0.0,3,19,0.0
0.3421052631578947,0.0,14,2,38.0
0.1956521739130435,0.0,4,4,46.0
0.0,0.6,7,5,0.0
0.0612244897959183,0.5555555555555556,5,6,0.0
0.5,0.0,2,8,2.0
0.0,0.0,0,9,0.0
0.4090909090909091,0.0,8,14,0.0
0.0,0.6,7,15,0.0
1.0,0.0,0,20,2.0
0.25,0.0,1,2,0.0
0.0,0.0,0,3,0.0
0.0,0.6666666666666666,1,5,0.0
0.0,0.0,1,6,1.0
0.6,0.0,1,7,5.0
0.0,0.0,0,8,6.0
0.0,0.0,1,9,0.0
0.6666666666666666,0.0,2,16,6.0
0.25,0.0,1,20,4.0
0.2857142857142857,0.0,4,22,0.0
0.2857142857142857,0.0,1,2,0.0
0.0,0.0,1,4,0.0
0.1,1.0,1,5,0.0
1.0,0.0,1,10,0.0
1.0,0.0,1,11,4.0
0.3636363636363636,0.0,0,16,0.0
0.3333333333333333,0.0,5,18,0.0
0.375,0.0,2,19,8.0
0.3636363636363636,0.0,0,20,11.0
0.0,0.0,3,23,6.0
0.4,0.4285714285714285,7,2,0.0
0.0869565217391304,0.4,2,3,0.0
0.0,0.5,3,5,0.0
0.7142857142857143,0.0,3,6,7.0
0.5,0.0,4,7,10.0
0.238095238095238,0.0,1,8,21.0
0.0,0.0,2,9,0.0
0.75,0.0,3,16,12.0
0.4,0.0,2,20,15.0
0.3333333333333333,0.1111111111111111,5,22,0.0
0.4166666666666667,0.0,2,2,0.0
0.0,0.5,1,4,0.0
0.0666666666666666,0.6666666666666666,2,5,0.0
0.4444444444444444,0.0,2,10,0.0
0.5,0.0,3,11,10.0
0.24,0.1666666666666666,1,16,0.0
0.2,0.0,7,18,0.0
0.4375,0.0,3,19,16.0
0.217391304347826,0.0,2,20,23.0
0.1333333333333333,0.0,5,23,15.0
0.3636363636363636,0.4444444444444444,10,2,0.0
0.125,0.4444444444444444,3,3,0.0
0.024390243902439,0.6,4,5,0.0
0.7777777777777778,0.0,5,6,9.0
0.631578947368421,0.0,4,7,19.0
0.1764705882352941,0.0,1,8,34.0
0.4285714285714285,0.0,6,9,0.0
0.5652173913043478,0.0,3,16,23.0
0.3636363636363636,0.0,3,20,22.0
0.3478260869565217,0.2307692307692307,5,22,0.0
0.3571428571428571,0.0,3,2,0.0
0.0,0.5,1,4,0.0
0.0588235294117647,0.6666666666666666,2,5,0.0
0.3636363636363636,0.0,2,10,0.0
0.4166666666666667,0.0,3,11,12.0
0.1935483870967742,0.25,2,16,0.0
0.1428571428571428,0.0,9,18,0.0
0.4375,0.0,4,19,16.0
0.2083333333333333,0.0,4,20,24.0
0.125,0.0,6,23,16.0
0.3555555555555555,0.4444444444444444,12,2,0.0
0.125,0.6470588235294118,5,3,0.0
0.0188679245283018,0.6666666666666666,6,5,0.0
0.4210526315789473,0.0,5,6,19.0
0.5925925925925926,0.0,5,7,27.0
0.4444444444444444,0.0,8,9,0.0
1.0,0.0,0,11,1.0
0.4,0.0,0,14,5.0
0.3214285714285714,0.0,3,20,28.0
0.2972972972972973,0.2,8,22,0.0
0.3478260869565217,0.5,7,2,0.0
0.037037037037037,0.625,2,4,0.0
0.0454545454545454,0.75,2,5,0.0
0.4285714285714285,0.0,4,8,7.0
0.6666666666666666,0.0,0,9,6.0
0.3333333333333333,0.0,4,10,0.0
0.1333333333333333,0.2222222222222222,3,16,0.0
0.4166666666666667,0.0,15,18,0.0
0.48,0.0,7,19,25.0
0.1739130434782608,0.0,7,23,23.0
0.375,0.4,14,2,0.0
0.1111111111111111,0.6842105263157895,8,3,0.0
0.015625,0.6666666666666666,8,5,0.0
0.4516129032258064,0.0,5,6,31.0
0.8,0.0,3,11,10.0
0.2222222222222222,0.0,1,14,9.0
0.0,0.0,0,19,0.0
0.3529411764705882,0.0,4,20,34.0
0.3617021276595745,0.2222222222222222,12,22,0.0
0.2580645161290322,0.5,8,2,0.0
0.0333333333333333,0.6666666666666666,2,4,0.0
0.0357142857142857,0.6,2,5,0.0
0.2666666666666666,0.0,4,8,15.0
0.6666666666666666,0.0,1,9,9.0
0.3333333333333333,0.0,2,12,3.0
0.1224489795918367,0.2222222222222222,4,16,0.0
0.3571428571428571,0.0,21,18,0.0
0.1379310344827586,0.0,10,23,29.0
0.5,0.0,0,10,4.0
0.0,0.0,1,6,1.0
